date,wind_speed,density
1,7.7,1.2
2,7.8,1.2
3,7.9,1.2
4,8,1.2
5,10,1.2
6,12,1.2
7,15,1.2
8,20,1.2
9,25,1.2
10,40,1.2
11,50,1.2
12,20,1.2
13,20,1.2
14,10,1.2
15,10,1.2
16,5,1.2
17,0,1.2
18,0,1.2
19,5,1.2
20,10,1.2
21,20,1.2
22,25,1.2
23,26,1.2
24,25,1.2
25,20,1.2
26,21,1.2
27,20,1.2
28,21,1.2
29,25,1.2
30,24,1.2
31,23,1.2
32,26,1.2
33,21,1.2
34,20,1.2
35,15,1.2
36,10,1.2
37,0,1.2
38,20,1.2
39,1,1.2
40,20,1.2
41,5,1.2
42,0,1.2
43,20,1.2
44,5,1.2
45,0,1.2
46,20,1.2
47,5,1.2
48,0,1.2
49,20,1.2
50,5,1.2
51,0,1.2
52,20,1.2
53,5,1.2
54,0,1.2
55,20,1.2
56,5,1.2
57,0,1.2
58,20,1.2
59,5,1.2
60,0,1.2
61,20,1.2
62,5,1.2
63,0,1.2
64,20,1.2
65,5,1.2
66,0,1.2
67,20,1.2
68,5,1.2
69,0,1.2
70,20,1.2
71,5,1.2
72,0,1.2
73,20,1.2
74,5,1.2
75,0,1.2
76,20,1.2
77,5,1.2
78,0,1.2
79,20,1.2
80,5,1.2
81,0,1.2
82,20,1.2
83,5,1.2
84,0,1.2
85,20,1.2
86,5,1.2
87,0,1.2
88,20,1.2
89,5,1.2
90,0,1.2
91,20,1.2
92,5,1.2
93,0,1.2
94,20,1.2
95,5,1.2
96,0,1.2
97,20,1.2
98,5,1.2
99,0,1.2
100,20,1.2
101,5,1.2
102,0,1.2
103,20,1.2
104,5,1.2
105,0,1.2
106,20,1.2
107,5,1.2
108,0,1.2
109,20,1.2
110,5,1.2
111,0,1.2
112,20,1.2
113,5,1.2
114,0,1.2
115,20,1.2
116,5,1.2
117,0,1.2
118,20,1.2
119,5,1.2
120,0,1.2
121,20,1.2
122,5,1.2
123,0,1.2
124,20,1.2
125,5,1.2
126,0,1.2
127,20,1.2
128,5,1.2
129,0,1.2
130,20,1.2
131,5,1.2
132,0,1.2
133,20,1.2
134,5,1.2
135,0,1.2
136,20,1.2
137,5,1.2
138,0,1.2
139,20,1.2
140,5,1.2
141,0,1.2
142,20,1.2
143,5,1.2
144,0,1.2
145,20,1.2
146,5,1.2
147,0,1.2
148,20,1.2
149,5,1.2
150,0,1.2
151,20,1.2
152,5,1.2
153,0,1.2
154,20,1.2
155,5,1.2
156,0,1.2
157,20,1.2
158,5,1.2
159,0,1.2
160,20,1.2
161,5,1.2
162,0,1.2
163,20,1.2
164,5,1.2
165,0,1.2
166,20,1.2
167,5,1.2
168,0,1.2
169,20,1.2
170,5,1.2
171,0,1.2
172,20,1.2
173,5,1.2
174,0,1.2
175,20,1.2
176,5,1.2
177,0,1.2
178,20,1.2
179,5,1.2
180,0,1.2
181,20,1.2
182,5,1.2
183,0,1.2
184,20,1.2
185,5,1.2
186,0,1.2
187,20,1.2
188,5,1.2
189,0,1.2
190,20,1.2
191,5,1.2
192,0,1.2
193,20,1.2
194,5,1.2
195,0,1.2
196,20,1.2
197,5,1.2
198,0,1.2
199,20,1.2
200,5,1.2
201,0,1.2
202,20,1.2
203,5,1.2
204,0,1.2
205,20,1.2
206,5,1.2
207,0,1.2
208,20,1.2
209,5,1.2
210,0,1.2
211,20,1.2
212,5,1.2
213,0,1.2
214,20,1.2
215,5,1.2
216,0,1.2
217,20,1.2
218,5,1.2
219,0,1.2
220,20,1.2
221,5,1.2
222,0,1.2
223,20,1.2
224,5,1.2
225,0,1.2
226,20,1.2
227,5,1.2
228,0,1.2
229,20,1.2
230,5,1.2
231,0,1.2
232,20,1.2
233,5,1.2
234,0,1.2
235,20,1.2
236,5,1.2
237,0,1.2
238,20,1.2
239,5,1.2
240,0,1.2
241,20,1.2
242,5,1.2
243,0,1.2
244,20,1.2
245,5,1.2
246,0,1.2
247,20,1.2
248,5,1.2
249,0,1.2
250,20,1.2
251,5,1.2
252,0,1.2
253,20,1.2
254,5,1.2
255,0,1.2
256,20,1.2
257,5,1.2
258,0,1.2
259,20,1.2
260,5,1.2
261,0,1.2
262,20,1.2
263,5,1.2
264,0,1.2
265,20,1.2
266,5,1.2
267,0,1.2
268,20,1.2
269,5,1.2
270,0,1.2
271,20,1.2
272,5,1.2
273,0,1.2
274,20,1.2
275,5,1.2
276,0,1.2
277,20,1.2
278,5,1.2
279,0,1.2
280,20,1.2
281,5,1.2
282,0,1.2
283,20,1.2
284,5,1.2
285,0,1.2
286,20,1.2
287,5,1.2
288,0,1.2
289,20,1.2
290,5,1.2
291,0,1.2
292,20,1.2
293,5,1.2
294,0,1.2
295,20,1.2
296,5,1.2
297,0,1.2
298,20,1.2
299,5,1.2
300,0,1.2
301,20,1.2
302,5,1.2
303,0,1.2
304,20,1.2
305,5,1.2
306,0,1.2
307,20,1.2
308,5,1.2
309,0,1.2
310,20,1.2
311,5,1.2
312,0,1.2
313,20,1.2
314,5,1.2
315,0,1.2
316,20,1.2
317,5,1.2
318,0,1.2
319,20,1.2
320,5,1.2
321,0,1.2
322,20,1.2
323,5,1.2
324,0,1.2
325,20,1.2
326,5,1.2
327,0,1.2
328,20,1.2
329,5,1.2
330,0,1.2
331,20,1.2
332,5,1.2
333,0,1.2
334,20,1.2
335,5,1.2
336,0,1.2
337,20,1.2
338,5,1.2
339,0,1.2
340,20,1.2
341,5,1.2
342,0,1.2
343,20,1.2
344,5,1.2
345,0,1.2
346,20,1.2
347,5,1.2
348,0,1.2
349,20,1.2
350,5,1.2
351,0,1.2
352,20,1.2
353,5,1.2
354,0,1.2
355,20,1.2
356,5,1.2
357,0,1.2
358,20,1.2
359,5,1.2
360,0,1.2
361,20,1.2
362,5,1.2
363,0,1.2
364,20,1.2
365,5,1.2
366,0,1.2
367,20,1.2
368,5,1.2
369,0,1.2
370,20,1.2
371,5,1.2
372,0,1.2
373,20,1.2
374,5,1.2
375,0,1.2
376,20,1.2
377,5,1.2
378,0,1.2
379,20,1.2
380,5,1.2
381,0,1.2
382,20,1.2
383,5,1.2
384,0,1.2
385,20,1.2
386,5,1.2
387,0,1.2
388,20,1.2
389,5,1.2
390,0,1.2
391,20,1.2
392,5,1.2
393,0,1.2
394,20,1.2
395,5,1.2
396,0,1.2
397,20,1.2
398,5,1.2
399,0,1.2
400,20,1.2
401,5,1.2
402,0,1.2
403,20,1.2
404,5,1.2
405,0,1.2
406,20,1.2
407,5,1.2
408,0,1.2
409,20,1.2
410,5,1.2
411,0,1.2
412,20,1.2
413,5,1.2
414,0,1.2
415,20,1.2
416,5,1.2
417,0,1.2
418,20,1.2
419,5,1.2
420,0,1.2
421,20,1.2
422,5,1.2
423,0,1.2
424,20,1.2
425,5,1.2
426,0,1.2
427,20,1.2
428,5,1.2
429,0,1.2
430,20,1.2
431,5,1.2
432,0,1.2
433,20,1.2
434,5,1.2
435,0,1.2
436,20,1.2
437,5,1.2
438,0,1.2
439,20,1.2
440,5,1.2
441,0,1.2
442,20,1.2
443,5,1.2
444,0,1.2
445,20,1.2
446,5,1.2
447,0,1.2
448,20,1.2
449,5,1.2
450,0,1.2
451,20,1.2
452,5,1.2
453,0,1.2
454,20,1.2
455,5,1.2
456,0,1.2
457,20,1.2
458,5,1.2
459,0,1.2
460,20,1.2
461,5,1.2
462,0,1.2
463,20,1.2
464,5,1.2
465,0,1.2
466,20,1.2
467,5,1.2
468,0,1.2
469,20,1.2
470,5,1.2
471,0,1.2
472,20,1.2
473,5,1.2
474,0,1.2
475,20,1.2
476,5,1.2
477,0,1.2
478,20,1.2
479,5,1.2
480,0,1.2
481,20,1.2
482,5,1.2
483,0,1.2
484,20,1.2
485,5,1.2
486,0,1.2
487,20,1.2
488,5,1.2
489,0,1.2
490,20,1.2
491,5,1.2
492,0,1.2
493,20,1.2
494,5,1.2
495,0,1.2
496,20,1.2
497,5,1.2
498,0,1.2
499,20,1.2
500,5,1.2
501,0,1.2
502,20,1.2
503,5,1.2
504,0,1.2
505,20,1.2
506,5,1.2
507,0,1.2
508,20,1.2
509,5,1.2
510,0,1.2
511,20,1.2
512,5,1.2
513,0,1.2
514,20,1.2
515,5,1.2
516,0,1.2
517,20,1.2
518,5,1.2
519,0,1.2
520,20,1.2
521,5,1.2
522,0,1.2
523,20,1.2
524,5,1.2
525,0,1.2
526,20,1.2
527,5,1.2
528,0,1.2
529,20,1.2
530,5,1.2
531,0,1.2
532,20,1.2
533,5,1.2
534,0,1.2
535,20,1.2
536,5,1.2
537,0,1.2
538,20,1.2
539,5,1.2
540,0,1.2
541,20,1.2
542,5,1.2
543,0,1.2
544,20,1.2
545,5,1.2
546,0,1.2
547,20,1.2
548,5,1.2
549,0,1.2
550,20,1.2
551,5,1.2
552,0,1.2
553,20,1.2
554,5,1.2
555,0,1.2
556,20,1.2
557,5,1.2
558,0,1.2
559,20,1.2
560,5,1.2
561,0,1.2
562,20,1.2
563,5,1.2
564,0,1.2
565,20,1.2
566,5,1.2
567,0,1.2
568,20,1.2
569,5,1.2
570,0,1.2
571,20,1.2
572,5,1.2
573,0,1.2
574,20,1.2
575,5,1.2
576,0,1.2
577,20,1.2
578,5,1.2
579,0,1.2
580,20,1.2
581,5,1.2
582,0,1.2
583,20,1.2
584,5,1.2
585,0,1.2
586,20,1.2
587,5,1.2
588,0,1.2
589,20,1.2
590,5,1.2
591,0,1.2
592,20,1.2
593,5,1.2
594,0,1.2
595,20,1.2
596,5,1.2
597,0,1.2
598,20,1.2
599,5,1.2
600,0,1.2
601,20,1.2
602,5,1.2
603,0,1.2
604,20,1.2
605,5,1.2
606,0,1.2
607,20,1.2
608,5,1.2
609,0,1.2
610,20,1.2
611,5,1.2
612,0,1.2
613,20,1.2
614,5,1.2
615,0,1.2
616,20,1.2
617,5,1.2
618,0,1.2
619,20,1.2
620,5,1.2
621,0,1.2
622,20,1.2
623,5,1.2
624,0,1.2
625,20,1.2
626,5,1.2
627,0,1.2
628,20,1.2
629,5,1.2
630,0,1.2
631,20,1.2
632,5,1.2
633,0,1.2
634,20,1.2
635,5,1.2
636,0,1.2
637,20,1.2
638,5,1.2
639,0,1.2
640,20,1.2
641,5,1.2
642,0,1.2
643,20,1.2
644,5,1.2
645,0,1.2
646,20,1.2
647,5,1.2
648,0,1.2
649,20,1.2
650,5,1.2
651,0,1.2
652,20,1.2
653,5,1.2
654,0,1.2
655,20,1.2
656,5,1.2
657,0,1.2
658,20,1.2
659,5,1.2
660,0,1.2
661,20,1.2
662,5,1.2
663,0,1.2
664,20,1.2
665,5,1.2
666,0,1.2
667,20,1.2
668,5,1.2
669,0,1.2
670,20,1.2
671,5,1.2
672,0,1.2
673,20,1.2
674,5,1.2
675,0,1.2
676,20,1.2
677,5,1.2
678,0,1.2
679,20,1.2
680,5,1.2
681,0,1.2
682,20,1.2
683,5,1.2
684,0,1.2
685,20,1.2
686,5,1.2
687,0,1.2
688,20,1.2
689,5,1.2
690,0,1.2
691,20,1.2
692,5,1.2
693,0,1.2
694,20,1.2
695,5,1.2
696,0,1.2
697,20,1.2
698,5,1.2
699,0,1.2
700,20,1.2
701,5,1.2
702,0,1.2
703,20,1.2
704,5,1.2
705,0,1.2
706,20,1.2
707,5,1.2
708,0,1.2
709,20,1.2
710,5,1.2
711,0,1.2
712,20,1.2
713,5,1.2
714,0,1.2
715,20,1.2
716,5,1.2
717,0,1.2
718,20,1.2
719,5,1.2
720,0,1.2
721,20,1.2
722,5,1.2
723,0,1.2
724,20,1.2
725,5,1.2
726,0,1.2
727,20,1.2
728,5,1.2
729,0,1.2
730,20,1.2
731,5,1.2
732,0,1.2
733,20,1.2
734,5,1.2
735,0,1.2
736,20,1.2
737,5,1.2
738,0,1.2
739,20,1.2
740,5,1.2
741,0,1.2
742,20,1.2
743,5,1.2
744,0,1.2
745,20,1.2
746,5,1.2
747,0,1.2
748,20,1.2
749,5,1.2
750,0,1.2
751,20,1.2
752,5,1.2
753,0,1.2
754,20,1.2
755,5,1.2
756,0,1.2
757,20,1.2
758,5,1.2
759,0,1.2
760,20,1.2
761,5,1.2
762,0,1.2
763,20,1.2
764,5,1.2
765,0,1.2
766,20,1.2
767,5,1.2
768,0,1.2
769,20,1.2
770,5,1.2
771,0,1.2
772,20,1.2
773,5,1.2
774,0,1.2
775,20,1.2
776,5,1.2
777,0,1.2
778,20,1.2
779,5,1.2
780,0,1.2
781,20,1.2
782,5,1.2
783,0,1.2
784,20,1.2
785,5,1.2
786,0,1.2
787,20,1.2
788,5,1.2
789,0,1.2
790,20,1.2
791,5,1.2
792,0,1.2
793,20,1.2
794,5,1.2
795,0,1.2
796,20,1.2
797,5,1.2
798,0,1.2
799,20,1.2
800,5,1.2
801,0,1.2
802,20,1.2
803,5,1.2
804,0,1.2
805,20,1.2
806,5,1.2
807,0,1.2
808,20,1.2
809,5,1.2
810,0,1.2
811,20,1.2
812,5,1.2
813,0,1.2
814,20,1.2
815,5,1.2
816,0,1.2
817,20,1.2
818,5,1.2
819,0,1.2
820,20,1.2
821,5,1.2
822,0,1.2
823,20,1.2
824,5,1.2
825,0,1.2
826,20,1.2
827,5,1.2
828,0,1.2
829,20,1.2
830,5,1.2
831,0,1.2
832,20,1.2
833,5,1.2
834,0,1.2
835,20,1.2
836,5,1.2
837,0,1.2
838,20,1.2
839,5,1.2
840,0,1.2
841,20,1.2
842,5,1.2
843,0,1.2
844,20,1.2
845,5,1.2
846,0,1.2
847,20,1.2
848,5,1.2
849,0,1.2
850,20,1.2
851,5,1.2
852,0,1.2
853,20,1.2
854,5,1.2
855,0,1.2
856,20,1.2
857,5,1.2
858,0,1.2
859,20,1.2
860,5,1.2
861,0,1.2
862,20,1.2
863,5,1.2
864,0,1.2
865,20,1.2
866,5,1.2
867,0,1.2
868,20,1.2
869,5,1.2
870,0,1.2
871,20,1.2
872,5,1.2
873,0,1.2
874,20,1.2
875,5,1.2
876,0,1.2
877,20,1.2
878,5,1.2
879,0,1.2
880,20,1.2
881,5,1.2
882,0,1.2
883,20,1.2
884,5,1.2
885,0,1.2
886,20,1.2
887,5,1.2
888,0,1.2
889,20,1.2
890,5,1.2
891,0,1.2
892,20,1.2
893,5,1.2
894,0,1.2
895,20,1.2
896,5,1.2
897,0,1.2
898,20,1.2
899,5,1.2
900,0,1.2
901,20,1.2
902,5,1.2
903,0,1.2
904,20,1.2
905,5,1.2
906,0,1.2
907,20,1.2
908,5,1.2
909,0,1.2
910,20,1.2
911,5,1.2
912,0,1.2
913,20,1.2
914,5,1.2
915,0,1.2
916,20,1.2
917,5,1.2
918,0,1.2
919,20,1.2
920,5,1.2
921,0,1.2
922,20,1.2
923,5,1.2
924,0,1.2
925,20,1.2
926,5,1.2
927,0,1.2
928,20,1.2
929,5,1.2
930,0,1.2
931,20,1.2
932,5,1.2
933,0,1.2
934,20,1.2
935,5,1.2
936,0,1.2
937,20,1.2
938,5,1.2
939,0,1.2
940,20,1.2
941,5,1.2
942,0,1.2
943,20,1.2
944,5,1.2
945,0,1.2
946,20,1.2
947,5,1.2
948,0,1.2
949,20,1.2
950,5,1.2
951,0,1.2
952,20,1.2
953,5,1.2
954,0,1.2
955,20,1.2
956,5,1.2
957,0,1.2
958,20,1.2
959,5,1.2
960,0,1.2
961,20,1.2
962,5,1.2
963,0,1.2
964,20,1.2
965,5,1.2
966,0,1.2
967,20,1.2
968,5,1.2
969,0,1.2
970,20,1.2
971,5,1.2
972,0,1.2
973,20,1.2
974,5,1.2
975,0,1.2
976,20,1.2
977,5,1.2
978,0,1.2
979,20,1.2
980,5,1.2
981,0,1.2
982,20,1.2
983,5,1.2
984,0,1.2
985,20,1.2
986,5,1.2
987,0,1.2
988,20,1.2
989,5,1.2
990,0,1.2
991,20,1.2
992,5,1.2
993,0,1.2
994,20,1.2
995,5,1.2
996,0,1.2
997,20,1.2
998,5,1.2
999,0,1.2
1000,20,1.2
1001,5,1.2
1002,0,1.2
1003,20,1.2
1004,5,1.2
1005,0,1.2
1006,20,1.2
1007,5,1.2
1008,0,1.2
1009,20,1.2
1010,5,1.2
1011,0,1.2
1012,20,1.2
1013,5,1.2
1014,0,1.2
1015,20,1.2
1016,5,1.2
1017,0,1.2
1018,20,1.2
1019,5,1.2
1020,0,1.2
1021,20,1.2
1022,5,1.2
1023,0,1.2
1024,20,1.2
1025,5,1.2
1026,0,1.2
1027,20,1.2
1028,5,1.2
1029,0,1.2
1030,20,1.2
1031,5,1.2
1032,0,1.2
1033,20,1.2
1034,5,1.2
1035,0,1.2
1036,20,1.2
1037,5,1.2
1038,0,1.2
1039,20,1.2
1040,5,1.2
1041,0,1.2
1042,20,1.2
1043,5,1.2
1044,0,1.2
1045,20,1.2
1046,5,1.2
1047,0,1.2
1048,20,1.2
1049,5,1.2
1050,0,1.2
1051,20,1.2
1052,5,1.2
1053,0,1.2
1054,20,1.2
1055,5,1.2
1056,0,1.2
1057,20,1.2
1058,5,1.2
1059,0,1.2
1060,20,1.2
1061,5,1.2
1062,0,1.2
1063,20,1.2
1064,5,1.2
1065,0,1.2
1066,20,1.2
1067,5,1.2
1068,0,1.2
1069,20,1.2
1070,5,1.2
1071,0,1.2
1072,20,1.2
1073,5,1.2
1074,0,1.2
1075,20,1.2
1076,5,1.2
1077,0,1.2
1078,20,1.2
1079,5,1.2
1080,0,1.2
1081,20,1.2
1082,5,1.2
1083,0,1.2
1084,20,1.2
1085,5,1.2
1086,0,1.2
1087,20,1.2
1088,5,1.2
1089,0,1.2
1090,20,1.2
1091,5,1.2
1092,0,1.2
1093,20,1.2
1094,5,1.2
1095,0,1.2
1096,20,1.2
1097,5,1.2
1098,0,1.2
1099,20,1.2
1100,5,1.2
1101,0,1.2
1102,20,1.2
1103,5,1.2
1104,0,1.2
1105,20,1.2
1106,5,1.2
1107,0,1.2
1108,20,1.2
1109,5,1.2
1110,0,1.2
1111,20,1.2
1112,5,1.2
1113,0,1.2
1114,20,1.2
1115,5,1.2
1116,0,1.2
1117,20,1.2
1118,5,1.2
1119,0,1.2
1120,20,1.2
1121,5,1.2
1122,0,1.2
1123,20,1.2
1124,5,1.2
1125,0,1.2
1126,20,1.2
1127,5,1.2
1128,0,1.2
1129,20,1.2
1130,5,1.2
1131,0,1.2
1132,20,1.2
1133,5,1.2
1134,0,1.2
1135,20,1.2
1136,5,1.2
1137,0,1.2
1138,20,1.2
1139,5,1.2
1140,0,1.2
1141,20,1.2
1142,5,1.2
1143,0,1.2
1144,20,1.2
1145,5,1.2
1146,0,1.2
1147,20,1.2
1148,5,1.2
1149,0,1.2
1150,20,1.2
1151,5,1.2
1152,0,1.2
1153,20,1.2
1154,5,1.2
1155,0,1.2
1156,20,1.2
1157,5,1.2
1158,0,1.2
1159,20,1.2
1160,5,1.2
1161,0,1.2
1162,20,1.2
1163,5,1.2
1164,0,1.2
1165,20,1.2
1166,5,1.2
1167,0,1.2
1168,20,1.2
1169,5,1.2
1170,0,1.2
1171,20,1.2
1172,5,1.2
1173,0,1.2
1174,20,1.2
1175,5,1.2
1176,0,1.2
1177,20,1.2
1178,5,1.2
1179,0,1.2
1180,20,1.2
1181,5,1.2
1182,0,1.2
1183,20,1.2
1184,5,1.2
1185,0,1.2
1186,20,1.2
1187,5,1.2
1188,0,1.2
1189,20,1.2
1190,5,1.2
1191,0,1.2
1192,20,1.2
1193,5,1.2
1194,0,1.2
1195,20,1.2
1196,5,1.2
1197,0,1.2
1198,20,1.2
1199,5,1.2
1200,0,1.2
1201,20,1.2
1202,5,1.2
1203,0,1.2
1204,20,1.2
1205,5,1.2
1206,0,1.2
1207,20,1.2
1208,5,1.2
1209,0,1.2
1210,20,1.2
1211,5,1.2
1212,0,1.2
1213,20,1.2
1214,5,1.2
1215,0,1.2
1216,20,1.2
1217,5,1.2
1218,0,1.2
1219,20,1.2
1220,5,1.2
1221,0,1.2
1222,20,1.2
1223,5,1.2
1224,0,1.2
1225,20,1.2
1226,5,1.2
1227,0,1.2
1228,20,1.2
1229,5,1.2
1230,0,1.2
1231,20,1.2
1232,5,1.2
1233,0,1.2
1234,20,1.2
1235,5,1.2
1236,0,1.2
1237,20,1.2
1238,5,1.2
1239,0,1.2
1240,20,1.2
1241,5,1.2
1242,0,1.2
1243,20,1.2
1244,5,1.2
1245,0,1.2
1246,20,1.2
1247,5,1.2
1248,0,1.2
1249,20,1.2
1250,5,1.2
1251,0,1.2
1252,20,1.2
1253,5,1.2
1254,0,1.2
1255,20,1.2
1256,5,1.2
1257,0,1.2
1258,20,1.2
1259,5,1.2
1260,0,1.2
1261,20,1.2
1262,5,1.2
1263,0,1.2
1264,20,1.2
1265,5,1.2
1266,0,1.2
1267,20,1.2
1268,5,1.2
1269,0,1.2
1270,20,1.2
1271,5,1.2
1272,0,1.2
1273,20,1.2
1274,5,1.2
1275,0,1.2
1276,20,1.2
1277,5,1.2
1278,0,1.2
1279,20,1.2
1280,5,1.2
1281,0,1.2
1282,20,1.2
1283,5,1.2
1284,0,1.2
1285,20,1.2
1286,5,1.2
1287,0,1.2
1288,20,1.2
1289,5,1.2
1290,0,1.2
1291,20,1.2
1292,5,1.2
1293,0,1.2
1294,20,1.2
1295,5,1.2
1296,0,1.2
1297,20,1.2
1298,5,1.2
1299,0,1.2
1300,20,1.2
1301,5,1.2
1302,0,1.2
1303,20,1.2
1304,5,1.2
1305,0,1.2
1306,20,1.2
1307,5,1.2
1308,0,1.2
1309,20,1.2
1310,5,1.2
1311,0,1.2
1312,20,1.2
1313,5,1.2
1314,0,1.2
1315,20,1.2
1316,5,1.2
1317,0,1.2
1318,20,1.2
1319,5,1.2
1320,0,1.2
1321,20,1.2
1322,5,1.2
1323,0,1.2
1324,20,1.2
1325,5,1.2
1326,0,1.2
1327,20,1.2
1328,5,1.2
1329,0,1.2
1330,20,1.2
1331,5,1.2
1332,0,1.2
1333,20,1.2
1334,5,1.2
1335,0,1.2
1336,20,1.2
1337,5,1.2
1338,0,1.2
1339,20,1.2
1340,5,1.2
1341,0,1.2
1342,20,1.2
1343,5,1.2
1344,0,1.2
1345,20,1.2
1346,5,1.2
1347,0,1.2
1348,20,1.2
1349,5,1.2
1350,0,1.2
1351,20,1.2
1352,5,1.2
1353,0,1.2
1354,20,1.2
1355,5,1.2
1356,0,1.2
1357,20,1.2
1358,5,1.2
1359,0,1.2
1360,20,1.2
1361,5,1.2
1362,0,1.2
1363,20,1.2
1364,5,1.2
1365,0,1.2
1366,20,1.2
1367,5,1.2
1368,0,1.2
1369,20,1.2
1370,5,1.2
1371,0,1.2
1372,20,1.2
1373,5,1.2
1374,0,1.2
1375,20,1.2
1376,5,1.2
1377,0,1.2
1378,20,1.2
1379,5,1.2
1380,0,1.2
1381,20,1.2
1382,5,1.2
1383,0,1.2
1384,20,1.2
1385,5,1.2
1386,0,1.2
1387,20,1.2
1388,5,1.2
1389,0,1.2
1390,20,1.2
1391,5,1.2
1392,0,1.2
1393,20,1.2
1394,5,1.2
1395,0,1.2
1396,20,1.2
1397,5,1.2
1398,0,1.2
1399,20,1.2
1400,5,1.2
1401,0,1.2
1402,20,1.2
1403,5,1.2
1404,0,1.2
1405,20,1.2
1406,5,1.2
1407,0,1.2
1408,20,1.2
1409,5,1.2
1410,0,1.2
1411,20,1.2
1412,5,1.2
1413,0,1.2
1414,20,1.2
1415,5,1.2
1416,0,1.2
1417,20,1.2
1418,5,1.2
1419,0,1.2
1420,20,1.2
1421,5,1.2
1422,0,1.2
1423,20,1.2
1424,5,1.2
1425,0,1.2
1426,20,1.2
1427,5,1.2
1428,0,1.2
1429,20,1.2
1430,5,1.2
1431,0,1.2
1432,20,1.2
1433,5,1.2
1434,0,1.2
1435,20,1.2
1436,5,1.2
1437,0,1.2
1438,20,1.2
1439,5,1.2
1440,0,1.2
1441,20,1.2
1442,5,1.2
1443,0,1.2
1444,20,1.2
1445,5,1.2
1446,0,1.2
1447,20,1.2
1448,5,1.2
1449,0,1.2
1450,20,1.2
1451,5,1.2
1452,0,1.2
1453,20,1.2
1454,5,1.2
1455,0,1.2
1456,20,1.2
1457,5,1.2
1458,0,1.2
1459,20,1.2
1460,5,1.2
1461,0,1.2
1462,20,1.2
1463,5,1.2
1464,0,1.2
1465,20,1.2
1466,5,1.2
1467,0,1.2
1468,20,1.2
1469,5,1.2
1470,0,1.2
1471,20,1.2
1472,5,1.2
1473,0,1.2
1474,20,1.2
1475,5,1.2
1476,0,1.2
1477,20,1.2
1478,5,1.2
1479,0,1.2
1480,20,1.2
1481,5,1.2
1482,0,1.2
1483,20,1.2
1484,5,1.2
1485,0,1.2
1486,20,1.2
1487,5,1.2
1488,0,1.2
1489,20,1.2
1490,5,1.2
1491,0,1.2
1492,20,1.2
1493,5,1.2
1494,0,1.2
1495,20,1.2
1496,5,1.2
1497,0,1.2
1498,20,1.2
1499,5,1.2
1500,0,1.2
1501,20,1.2
1502,5,1.2
1503,0,1.2
1504,20,1.2
1505,5,1.2
1506,0,1.2
1507,20,1.2
1508,5,1.2
1509,0,1.2
1510,20,1.2
1511,5,1.2
1512,0,1.2
1513,20,1.2
1514,5,1.2
1515,0,1.2
1516,20,1.2
1517,5,1.2
1518,0,1.2
1519,20,1.2
1520,5,1.2
1521,0,1.2
1522,20,1.2
1523,5,1.2
1524,0,1.2
1525,20,1.2
1526,5,1.2
1527,0,1.2
1528,20,1.2
1529,5,1.2
1530,0,1.2
1531,20,1.2
1532,5,1.2
1533,0,1.2
1534,20,1.2
1535,5,1.2
1536,0,1.2
1537,20,1.2
1538,5,1.2
1539,0,1.2
1540,20,1.2
1541,5,1.2
1542,0,1.2
1543,20,1.2
1544,5,1.2
1545,0,1.2
1546,20,1.2
1547,5,1.2
1548,0,1.2
1549,20,1.2
1550,5,1.2
1551,0,1.2
1552,20,1.2
1553,5,1.2
1554,0,1.2
1555,20,1.2
1556,5,1.2
1557,0,1.2
1558,20,1.2
1559,5,1.2
1560,0,1.2
1561,20,1.2
1562,5,1.2
1563,0,1.2
1564,20,1.2
1565,5,1.2
1566,0,1.2
1567,20,1.2
1568,5,1.2
1569,0,1.2
1570,20,1.2
1571,5,1.2
1572,0,1.2
1573,20,1.2
1574,5,1.2
1575,0,1.2
1576,20,1.2
1577,5,1.2
1578,0,1.2
1579,20,1.2
1580,5,1.2
1581,0,1.2
1582,20,1.2
1583,5,1.2
1584,0,1.2
1585,20,1.2
1586,5,1.2
1587,0,1.2
1588,20,1.2
1589,5,1.2
1590,0,1.2
1591,20,1.2
1592,5,1.2
1593,0,1.2
1594,20,1.2
1595,5,1.2
1596,0,1.2
1597,20,1.2
1598,5,1.2
1599,0,1.2
1600,20,1.2
1601,5,1.2
1602,0,1.2
1603,20,1.2
1604,5,1.2
1605,0,1.2
1606,20,1.2
1607,5,1.2
1608,0,1.2
1609,20,1.2
1610,5,1.2
1611,0,1.2
1612,20,1.2
1613,5,1.2
1614,0,1.2
1615,20,1.2
1616,5,1.2
1617,0,1.2
1618,20,1.2
1619,5,1.2
1620,0,1.2
1621,20,1.2
1622,5,1.2
1623,0,1.2
1624,20,1.2
1625,5,1.2
1626,0,1.2
1627,20,1.2
1628,5,1.2
1629,0,1.2
1630,20,1.2
1631,5,1.2
1632,0,1.2
1633,20,1.2
1634,5,1.2
1635,0,1.2
1636,20,1.2
1637,5,1.2
1638,0,1.2
1639,20,1.2
1640,5,1.2
1641,0,1.2
1642,20,1.2
1643,5,1.2
1644,0,1.2
1645,20,1.2
1646,5,1.2
1647,0,1.2
1648,20,1.2
1649,5,1.2
1650,0,1.2
1651,20,1.2
1652,5,1.2
1653,0,1.2
1654,20,1.2
1655,5,1.2
1656,0,1.2
1657,20,1.2
1658,5,1.2
1659,0,1.2
1660,20,1.2
1661,5,1.2
1662,0,1.2
1663,20,1.2
1664,5,1.2
1665,0,1.2
1666,20,1.2
1667,5,1.2
1668,0,1.2
1669,20,1.2
1670,5,1.2
1671,0,1.2
1672,20,1.2
1673,5,1.2
1674,0,1.2
1675,20,1.2
1676,5,1.2
1677,0,1.2
1678,20,1.2
1679,5,1.2
1680,0,1.2
1681,20,1.2
1682,5,1.2
1683,0,1.2
1684,20,1.2
1685,5,1.2
1686,0,1.2
1687,20,1.2
1688,5,1.2
1689,0,1.2
1690,20,1.2
1691,5,1.2
1692,0,1.2
1693,20,1.2
1694,5,1.2
1695,0,1.2
1696,20,1.2
1697,5,1.2
1698,0,1.2
1699,20,1.2
1700,5,1.2
1701,0,1.2
1702,20,1.2
1703,5,1.2
1704,0,1.2
1705,20,1.2
1706,5,1.2
1707,0,1.2
1708,20,1.2
1709,5,1.2
1710,0,1.2
1711,20,1.2
1712,5,1.2
1713,0,1.2
1714,20,1.2
1715,5,1.2
1716,0,1.2
1717,20,1.2
1718,5,1.2
1719,0,1.2
1720,20,1.2
1721,5,1.2
1722,0,1.2
1723,20,1.2
1724,5,1.2
1725,0,1.2
1726,20,1.2
1727,5,1.2
1728,0,1.2
1729,20,1.2
1730,5,1.2
1731,0,1.2
1732,20,1.2
1733,5,1.2
1734,0,1.2
1735,20,1.2
1736,5,1.2
1737,0,1.2
1738,20,1.2
1739,5,1.2
1740,0,1.2
1741,20,1.2
1742,5,1.2
1743,0,1.2
1744,20,1.2
1745,5,1.2
1746,0,1.2
1747,20,1.2
1748,5,1.2
1749,0,1.2
1750,20,1.2
1751,5,1.2
1752,0,1.2
1753,20,1.2
1754,5,1.2
1755,0,1.2
1756,20,1.2
1757,5,1.2
1758,0,1.2
1759,20,1.2
1760,5,1.2
1761,0,1.2
1762,20,1.2
1763,5,1.2
1764,0,1.2
1765,20,1.2
1766,5,1.2
1767,0,1.2
1768,20,1.2
1769,5,1.2
1770,0,1.2
1771,20,1.2
1772,5,1.2
1773,0,1.2
1774,20,1.2
1775,5,1.2
1776,0,1.2
1777,20,1.2
1778,5,1.2
1779,0,1.2
1780,20,1.2
1781,5,1.2
1782,0,1.2
1783,20,1.2
1784,5,1.2
1785,0,1.2
1786,20,1.2
1787,5,1.2
1788,0,1.2
1789,20,1.2
1790,5,1.2
1791,0,1.2
1792,20,1.2
1793,5,1.2
1794,0,1.2
1795,20,1.2
1796,5,1.2
1797,0,1.2
1798,20,1.2
1799,5,1.2
1800,0,1.2
1801,20,1.2
1802,5,1.2
1803,0,1.2
1804,20,1.2
1805,5,1.2
1806,0,1.2
1807,20,1.2
1808,5,1.2
1809,0,1.2
1810,20,1.2
1811,5,1.2
1812,0,1.2
1813,20,1.2
1814,5,1.2
1815,0,1.2
1816,20,1.2
1817,5,1.2
1818,0,1.2
1819,20,1.2
1820,5,1.2
1821,0,1.2
1822,20,1.2
1823,5,1.2
1824,0,1.2
1825,20,1.2
1826,5,1.2
1827,0,1.2
1828,20,1.2
1829,5,1.2
1830,0,1.2
1831,20,1.2
1832,5,1.2
1833,0,1.2
1834,20,1.2
1835,5,1.2
1836,0,1.2
1837,20,1.2
1838,5,1.2
1839,0,1.2
1840,20,1.2
1841,5,1.2
1842,0,1.2
1843,20,1.2
1844,5,1.2
1845,0,1.2
1846,20,1.2
1847,5,1.2
1848,0,1.2
1849,20,1.2
1850,5,1.2
1851,0,1.2
1852,20,1.2
1853,5,1.2
1854,0,1.2
1855,20,1.2
1856,5,1.2
1857,0,1.2
1858,20,1.2
1859,5,1.2
1860,0,1.2
1861,20,1.2
1862,5,1.2
1863,0,1.2
1864,20,1.2
1865,5,1.2
1866,0,1.2
1867,20,1.2
1868,5,1.2
1869,0,1.2
1870,20,1.2
1871,5,1.2
1872,0,1.2
1873,20,1.2
1874,5,1.2
1875,0,1.2
1876,20,1.2
1877,5,1.2
1878,0,1.2
1879,20,1.2
1880,5,1.2
1881,0,1.2
1882,20,1.2
1883,5,1.2
1884,0,1.2
1885,20,1.2
1886,5,1.2
1887,0,1.2
1888,20,1.2
1889,5,1.2
1890,0,1.2
1891,20,1.2
1892,5,1.2
1893,0,1.2
1894,20,1.2
1895,5,1.2
1896,0,1.2
1897,20,1.2
1898,5,1.2
1899,0,1.2
1900,20,1.2
1901,5,1.2
1902,0,1.2
1903,20,1.2
1904,5,1.2
1905,0,1.2
1906,20,1.2
1907,5,1.2
1908,0,1.2
1909,20,1.2
1910,5,1.2
1911,0,1.2
1912,20,1.2
1913,5,1.2
1914,0,1.2
1915,20,1.2
1916,5,1.2
1917,0,1.2
1918,20,1.2
1919,5,1.2
1920,0,1.2
1921,20,1.2
1922,5,1.2
1923,0,1.2
1924,20,1.2
1925,5,1.2
1926,0,1.2
1927,20,1.2
1928,5,1.2
1929,0,1.2
1930,20,1.2
1931,5,1.2
1932,0,1.2
1933,20,1.2
1934,5,1.2
1935,0,1.2
1936,20,1.2
1937,5,1.2
1938,0,1.2
1939,20,1.2
1940,5,1.2
1941,0,1.2
1942,20,1.2
1943,5,1.2
1944,0,1.2
1945,20,1.2
1946,5,1.2
1947,0,1.2
1948,20,1.2
1949,5,1.2
1950,0,1.2
1951,20,1.2
1952,5,1.2
1953,0,1.2
1954,20,1.2
1955,5,1.2
1956,0,1.2
1957,20,1.2
1958,5,1.2
1959,0,1.2
1960,20,1.2
1961,5,1.2
1962,0,1.2
1963,20,1.2
1964,5,1.2
1965,0,1.2
1966,20,1.2
1967,5,1.2
1968,0,1.2
1969,20,1.2
1970,5,1.2
1971,0,1.2
1972,20,1.2
1973,5,1.2
1974,0,1.2
1975,20,1.2
1976,5,1.2
1977,0,1.2
1978,20,1.2
1979,5,1.2
1980,0,1.2
1981,20,1.2
1982,5,1.2
1983,0,1.2
1984,20,1.2
1985,5,1.2
1986,0,1.2
1987,20,1.2
1988,5,1.2
1989,0,1.2
1990,20,1.2
1991,5,1.2
1992,0,1.2
1993,20,1.2
1994,5,1.2
1995,0,1.2
1996,20,1.2
1997,5,1.2
1998,0,1.2
1999,20,1.2
2000,5,1.2
2001,0,1.2
2002,20,1.2
2003,5,1.2
2004,0,1.2
2005,20,1.2
2006,5,1.2
2007,0,1.2
2008,20,1.2
2009,5,1.2
2010,0,1.2
2011,20,1.2
2012,5,1.2
2013,0,1.2
2014,20,1.2
2015,5,1.2
2016,0,1.2
2017,20,1.2
2018,5,1.2
2019,0,1.2
2020,20,1.2
2021,5,1.2
2022,0,1.2
2023,20,1.2
2024,5,1.2
2025,0,1.2
2026,20,1.2
2027,5,1.2
2028,0,1.2
2029,20,1.2
2030,5,1.2
2031,0,1.2
2032,20,1.2
2033,5,1.2
2034,0,1.2
2035,20,1.2
2036,5,1.2
2037,0,1.2
2038,20,1.2
2039,5,1.2
2040,0,1.2
2041,20,1.2
2042,5,1.2
2043,0,1.2
2044,20,1.2
2045,5,1.2
2046,0,1.2
2047,20,1.2
2048,5,1.2
2049,0,1.2
2050,20,1.2
2051,5,1.2
2052,0,1.2
2053,20,1.2
2054,5,1.2
2055,0,1.2
2056,20,1.2
2057,5,1.2
2058,0,1.2
2059,20,1.2
2060,5,1.2
2061,0,1.2
2062,20,1.2
2063,5,1.2
2064,0,1.2
2065,20,1.2
2066,5,1.2
2067,0,1.2
2068,20,1.2
2069,5,1.2
2070,0,1.2
2071,20,1.2
2072,5,1.2
2073,0,1.2
2074,20,1.2
2075,5,1.2
2076,0,1.2
2077,20,1.2
2078,5,1.2
2079,0,1.2
2080,20,1.2
2081,5,1.2
2082,0,1.2
2083,20,1.2
2084,5,1.2
2085,0,1.2
2086,20,1.2
2087,5,1.2
2088,0,1.2
2089,20,1.2
2090,5,1.2
2091,0,1.2
2092,20,1.2
2093,5,1.2
2094,0,1.2
2095,20,1.2
2096,5,1.2
2097,0,1.2
2098,20,1.2
2099,5,1.2
2100,0,1.2
2101,20,1.2
2102,5,1.2
2103,0,1.2
2104,20,1.2
2105,5,1.2
2106,0,1.2
2107,20,1.2
2108,5,1.2
2109,0,1.2
2110,20,1.2
2111,5,1.2
2112,0,1.2
2113,20,1.2
2114,5,1.2
2115,0,1.2
2116,20,1.2
2117,5,1.2
2118,0,1.2
2119,20,1.2
2120,5,1.2
2121,0,1.2
2122,20,1.2
2123,5,1.2
2124,0,1.2
2125,20,1.2
2126,5,1.2
2127,0,1.2
2128,20,1.2
2129,5,1.2
2130,0,1.2
2131,20,1.2
2132,5,1.2
2133,0,1.2
2134,20,1.2
2135,5,1.2
2136,0,1.2
2137,20,1.2
2138,5,1.2
2139,0,1.2
2140,20,1.2
2141,5,1.2
2142,0,1.2
2143,20,1.2
2144,5,1.2
2145,0,1.2
2146,20,1.2
2147,5,1.2
2148,0,1.2
2149,20,1.2
2150,5,1.2
2151,0,1.2
2152,20,1.2
2153,5,1.2
2154,0,1.2
2155,20,1.2
2156,5,1.2
2157,0,1.2
2158,20,1.2
2159,5,1.2
2160,0,1.2
2161,20,1.2
2162,5,1.2
2163,0,1.2
2164,20,1.2
2165,5,1.2
2166,0,1.2
2167,20,1.2
2168,5,1.2
2169,0,1.2
2170,20,1.2
2171,5,1.2
2172,0,1.2
2173,20,1.2
2174,5,1.2
2175,0,1.2
2176,20,1.2
2177,5,1.2
2178,0,1.2
2179,20,1.2
2180,5,1.2
2181,0,1.2
2182,20,1.2
2183,5,1.2
2184,0,1.2
2185,20,1.2
2186,5,1.2
2187,0,1.2
2188,20,1.2
2189,5,1.2
2190,0,1.2
2191,20,1.2
2192,5,1.2
2193,0,1.2
2194,20,1.2
2195,5,1.2
2196,0,1.2
2197,20,1.2
2198,5,1.2
2199,0,1.2
2200,20,1.2
2201,5,1.2
2202,0,1.2
2203,20,1.2
2204,5,1.2
2205,0,1.2
2206,20,1.2
2207,5,1.2
2208,0,1.2
2209,20,1.2
2210,5,1.2
2211,0,1.2
2212,20,1.2
2213,5,1.2
2214,0,1.2
2215,20,1.2
2216,5,1.2
2217,0,1.2
2218,20,1.2
2219,5,1.2
2220,0,1.2
2221,20,1.2
2222,5,1.2
2223,0,1.2
2224,20,1.2
2225,5,1.2
2226,0,1.2
2227,20,1.2
2228,5,1.2
2229,0,1.2
2230,20,1.2
2231,5,1.2
2232,0,1.2
2233,20,1.2
2234,5,1.2
2235,0,1.2
2236,20,1.2
2237,5,1.2
2238,0,1.2
2239,20,1.2
2240,5,1.2
2241,0,1.2
2242,20,1.2
2243,5,1.2
2244,0,1.2
2245,20,1.2
2246,5,1.2
2247,0,1.2
2248,20,1.2
2249,5,1.2
2250,0,1.2
2251,20,1.2
2252,5,1.2
2253,0,1.2
2254,20,1.2
2255,5,1.2
2256,0,1.2
2257,20,1.2
2258,5,1.2
2259,0,1.2
2260,20,1.2
2261,5,1.2
2262,0,1.2
2263,20,1.2
2264,5,1.2
2265,0,1.2
2266,20,1.2
2267,5,1.2
2268,0,1.2
2269,20,1.2
2270,5,1.2
2271,0,1.2
2272,20,1.2
2273,5,1.2
2274,0,1.2
2275,20,1.2
2276,5,1.2
2277,0,1.2
2278,20,1.2
2279,5,1.2
2280,0,1.2
2281,20,1.2
2282,5,1.2
2283,0,1.2
2284,20,1.2
2285,5,1.2
2286,0,1.2
2287,20,1.2
2288,5,1.2
2289,0,1.2
2290,20,1.2
2291,5,1.2
2292,0,1.2
2293,20,1.2
2294,5,1.2
2295,0,1.2
2296,20,1.2
2297,5,1.2
2298,0,1.2
2299,20,1.2
2300,5,1.2
2301,0,1.2
2302,20,1.2
2303,5,1.2
2304,0,1.2
2305,20,1.2
2306,5,1.2
2307,0,1.2
2308,20,1.2
2309,5,1.2
2310,0,1.2
2311,20,1.2
2312,5,1.2
2313,0,1.2
2314,20,1.2
2315,5,1.2
2316,0,1.2
2317,20,1.2
2318,5,1.2
2319,0,1.2
2320,20,1.2
2321,5,1.2
2322,0,1.2
2323,20,1.2
2324,5,1.2
2325,0,1.2
2326,20,1.2
2327,5,1.2
2328,0,1.2
2329,20,1.2
2330,5,1.2
2331,0,1.2
2332,20,1.2
2333,5,1.2
2334,0,1.2
2335,20,1.2
2336,5,1.2
2337,0,1.2
2338,20,1.2
2339,5,1.2
2340,0,1.2
2341,20,1.2
2342,5,1.2
2343,0,1.2
2344,20,1.2
2345,5,1.2
2346,0,1.2
2347,20,1.2
2348,5,1.2
2349,0,1.2
2350,20,1.2
2351,5,1.2
2352,0,1.2
2353,20,1.2
2354,5,1.2
2355,0,1.2
2356,20,1.2
2357,5,1.2
2358,0,1.2
2359,20,1.2
2360,5,1.2
2361,0,1.2
2362,20,1.2
2363,5,1.2
2364,0,1.2
2365,20,1.2
2366,5,1.2
2367,0,1.2
2368,20,1.2
2369,5,1.2
2370,0,1.2
2371,20,1.2
2372,5,1.2
2373,0,1.2
2374,20,1.2
2375,5,1.2
2376,0,1.2
2377,20,1.2
2378,5,1.2
2379,0,1.2
2380,20,1.2
2381,5,1.2
2382,0,1.2
2383,20,1.2
2384,5,1.2
2385,0,1.2
2386,20,1.2
2387,5,1.2
2388,0,1.2
2389,20,1.2
2390,5,1.2
2391,0,1.2
2392,20,1.2
2393,5,1.2
2394,0,1.2
2395,20,1.2
2396,5,1.2
2397,0,1.2
2398,20,1.2
2399,5,1.2
2400,0,1.2
2401,20,1.2
2402,5,1.2
2403,0,1.2
2404,20,1.2
2405,5,1.2
2406,0,1.2
2407,20,1.2
2408,5,1.2
2409,0,1.2
2410,20,1.2
2411,5,1.2
2412,0,1.2
2413,20,1.2
2414,5,1.2
2415,0,1.2
2416,20,1.2
2417,5,1.2
2418,0,1.2
2419,20,1.2
2420,5,1.2
2421,0,1.2
2422,20,1.2
2423,5,1.2
2424,0,1.2
2425,20,1.2
2426,5,1.2
2427,0,1.2
2428,20,1.2
2429,5,1.2
2430,0,1.2
2431,20,1.2
2432,5,1.2
2433,0,1.2
2434,20,1.2
2435,5,1.2
2436,0,1.2
2437,20,1.2
2438,5,1.2
2439,0,1.2
2440,20,1.2
2441,5,1.2
2442,0,1.2
2443,20,1.2
2444,5,1.2
2445,0,1.2
2446,20,1.2
2447,5,1.2
2448,0,1.2
2449,20,1.2
2450,5,1.2
2451,0,1.2
2452,20,1.2
2453,5,1.2
2454,0,1.2
2455,20,1.2
2456,5,1.2
2457,0,1.2
2458,20,1.2
2459,5,1.2
2460,0,1.2
2461,20,1.2
2462,5,1.2
2463,0,1.2
2464,20,1.2
2465,5,1.2
2466,0,1.2
2467,20,1.2
2468,5,1.2
2469,0,1.2
2470,20,1.2
2471,5,1.2
2472,0,1.2
2473,20,1.2
2474,5,1.2
2475,0,1.2
2476,20,1.2
2477,5,1.2
2478,0,1.2
2479,20,1.2
2480,5,1.2
2481,0,1.2
2482,20,1.2
2483,5,1.2
2484,0,1.2
2485,20,1.2
2486,5,1.2
2487,0,1.2
2488,20,1.2
2489,5,1.2
2490,0,1.2
2491,20,1.2
2492,5,1.2
2493,0,1.2
2494,20,1.2
2495,5,1.2
2496,0,1.2
2497,20,1.2
2498,5,1.2
2499,0,1.2
2500,20,1.2
2501,5,1.2
2502,0,1.2
2503,20,1.2
2504,5,1.2
2505,0,1.2
2506,20,1.2
2507,5,1.2
2508,0,1.2
2509,20,1.2
2510,5,1.2
2511,0,1.2
2512,20,1.2
2513,5,1.2
2514,0,1.2
2515,20,1.2
2516,5,1.2
2517,0,1.2
2518,20,1.2
2519,5,1.2
2520,0,1.2
2521,20,1.2
2522,5,1.2
2523,0,1.2
2524,20,1.2
2525,5,1.2
2526,0,1.2
2527,20,1.2
2528,5,1.2
2529,0,1.2
2530,20,1.2
2531,5,1.2
2532,0,1.2
2533,20,1.2
2534,5,1.2
2535,0,1.2
2536,20,1.2
2537,5,1.2
2538,0,1.2
2539,20,1.2
2540,5,1.2
2541,0,1.2
2542,20,1.2
2543,5,1.2
2544,0,1.2
2545,20,1.2
2546,5,1.2
2547,0,1.2
2548,20,1.2
2549,5,1.2
2550,0,1.2
2551,20,1.2
2552,5,1.2
2553,0,1.2
2554,20,1.2
2555,5,1.2
2556,0,1.2
2557,20,1.2
2558,5,1.2
2559,0,1.2
2560,20,1.2
2561,5,1.2
2562,0,1.2
2563,20,1.2
2564,5,1.2
2565,0,1.2
2566,20,1.2
2567,5,1.2
2568,0,1.2
2569,20,1.2
2570,5,1.2
2571,0,1.2
2572,20,1.2
2573,5,1.2
2574,0,1.2
2575,20,1.2
2576,5,1.2
2577,0,1.2
2578,20,1.2
2579,5,1.2
2580,0,1.2
2581,20,1.2
2582,5,1.2
2583,0,1.2
2584,20,1.2
2585,5,1.2
2586,0,1.2
2587,20,1.2
2588,5,1.2
2589,0,1.2
2590,20,1.2
2591,5,1.2
2592,0,1.2
2593,20,1.2
2594,5,1.2
2595,0,1.2
2596,20,1.2
2597,5,1.2
2598,0,1.2
2599,20,1.2
2600,5,1.2
2601,0,1.2
2602,20,1.2
2603,5,1.2
2604,0,1.2
2605,20,1.2
2606,5,1.2
2607,0,1.2
2608,20,1.2
2609,5,1.2
2610,0,1.2
2611,20,1.2
2612,5,1.2
2613,0,1.2
2614,20,1.2
2615,5,1.2
2616,0,1.2
2617,20,1.2
2618,5,1.2
2619,0,1.2
2620,20,1.2
2621,5,1.2
2622,0,1.2
2623,20,1.2
2624,5,1.2
2625,0,1.2
2626,20,1.2
2627,5,1.2
2628,0,1.2
2629,20,1.2
2630,5,1.2
2631,0,1.2
2632,20,1.2
2633,5,1.2
2634,0,1.2
2635,20,1.2
2636,5,1.2
2637,0,1.2
2638,20,1.2
2639,5,1.2
2640,0,1.2
2641,20,1.2
2642,5,1.2
2643,0,1.2
2644,20,1.2
2645,5,1.2
2646,0,1.2
2647,20,1.2
2648,5,1.2
2649,0,1.2
2650,20,1.2
2651,5,1.2
2652,0,1.2
2653,20,1.2
2654,5,1.2
2655,0,1.2
2656,20,1.2
2657,5,1.2
2658,0,1.2
2659,20,1.2
2660,5,1.2
2661,0,1.2
2662,20,1.2
2663,5,1.2
2664,0,1.2
2665,20,1.2
2666,5,1.2
2667,0,1.2
2668,20,1.2
2669,5,1.2
2670,0,1.2
2671,20,1.2
2672,5,1.2
2673,0,1.2
2674,20,1.2
2675,5,1.2
2676,0,1.2
2677,20,1.2
2678,5,1.2
2679,0,1.2
2680,20,1.2
2681,5,1.2
2682,0,1.2
2683,20,1.2
2684,5,1.2
2685,0,1.2
2686,20,1.2
2687,5,1.2
2688,0,1.2
2689,20,1.2
2690,5,1.2
2691,0,1.2
2692,20,1.2
2693,5,1.2
2694,0,1.2
2695,20,1.2
2696,5,1.2
2697,0,1.2
2698,20,1.2
2699,5,1.2
2700,0,1.2
2701,20,1.2
2702,5,1.2
2703,0,1.2
2704,20,1.2
2705,5,1.2
2706,0,1.2
2707,20,1.2
2708,5,1.2
2709,0,1.2
2710,20,1.2
2711,5,1.2
2712,0,1.2
2713,20,1.2
2714,5,1.2
2715,0,1.2
2716,20,1.2
2717,5,1.2
2718,0,1.2
2719,20,1.2
2720,5,1.2
2721,0,1.2
2722,20,1.2
2723,5,1.2
2724,0,1.2
2725,20,1.2
2726,5,1.2
2727,0,1.2
2728,20,1.2
2729,5,1.2
2730,0,1.2
2731,20,1.2
2732,5,1.2
2733,0,1.2
2734,20,1.2
2735,5,1.2
2736,0,1.2
2737,20,1.2
2738,5,1.2
2739,0,1.2
2740,20,1.2
2741,5,1.2
2742,0,1.2
2743,20,1.2
2744,5,1.2
2745,0,1.2
2746,20,1.2
2747,5,1.2
2748,0,1.2
2749,20,1.2
2750,5,1.2
2751,0,1.2
2752,20,1.2
2753,5,1.2
2754,0,1.2
2755,20,1.2
2756,5,1.2
2757,0,1.2
2758,20,1.2
2759,5,1.2
2760,0,1.2
2761,20,1.2
2762,5,1.2
2763,0,1.2
2764,20,1.2
2765,5,1.2
2766,0,1.2
2767,20,1.2
2768,5,1.2
2769,0,1.2
2770,20,1.2
2771,5,1.2
2772,0,1.2
2773,20,1.2
2774,5,1.2
2775,0,1.2
2776,20,1.2
2777,5,1.2
2778,0,1.2
2779,20,1.2
2780,5,1.2
2781,0,1.2
2782,20,1.2
2783,5,1.2
2784,0,1.2
2785,20,1.2
2786,5,1.2
2787,0,1.2
2788,20,1.2
2789,5,1.2
2790,0,1.2
2791,20,1.2
2792,5,1.2
2793,0,1.2
2794,20,1.2
2795,5,1.2
2796,0,1.2
2797,20,1.2
2798,5,1.2
2799,0,1.2
2800,20,1.2
2801,5,1.2
2802,0,1.2
2803,20,1.2
2804,5,1.2
2805,0,1.2
2806,20,1.2
2807,5,1.2
2808,0,1.2
2809,20,1.2
2810,5,1.2
2811,0,1.2
2812,20,1.2
2813,5,1.2
2814,0,1.2
2815,20,1.2
2816,5,1.2
2817,0,1.2
2818,20,1.2
2819,5,1.2
2820,0,1.2
2821,20,1.2
2822,5,1.2
2823,0,1.2
2824,20,1.2
2825,5,1.2
2826,0,1.2
2827,20,1.2
2828,5,1.2
2829,0,1.2
2830,20,1.2
2831,5,1.2
2832,0,1.2
2833,20,1.2
2834,5,1.2
2835,0,1.2
2836,20,1.2
2837,5,1.2
2838,0,1.2
2839,20,1.2
2840,5,1.2
2841,0,1.2
2842,20,1.2
2843,5,1.2
2844,0,1.2
2845,20,1.2
2846,5,1.2
2847,0,1.2
2848,20,1.2
2849,5,1.2
2850,0,1.2
2851,20,1.2
2852,5,1.2
2853,0,1.2
2854,20,1.2
2855,5,1.2
2856,0,1.2
2857,20,1.2
2858,5,1.2
2859,0,1.2
2860,20,1.2
2861,5,1.2
2862,0,1.2
2863,20,1.2
2864,5,1.2
2865,0,1.2
2866,20,1.2
2867,5,1.2
2868,0,1.2
2869,20,1.2
2870,5,1.2
2871,0,1.2
2872,20,1.2
2873,5,1.2
2874,0,1.2
2875,20,1.2
2876,5,1.2
2877,0,1.2
2878,20,1.2
2879,5,1.2
2880,0,1.2
2881,20,1.2
2882,5,1.2
2883,0,1.2
2884,20,1.2
2885,5,1.2
2886,0,1.2
2887,20,1.2
2888,5,1.2
2889,0,1.2
2890,20,1.2
2891,5,1.2
2892,0,1.2
2893,20,1.2
2894,5,1.2
2895,0,1.2
2896,20,1.2
2897,5,1.2
2898,0,1.2
2899,20,1.2
2900,5,1.2
2901,0,1.2
2902,20,1.2
2903,5,1.2
2904,0,1.2
2905,20,1.2
2906,5,1.2
2907,0,1.2
2908,20,1.2
2909,5,1.2
2910,0,1.2
2911,20,1.2
2912,5,1.2
2913,0,1.2
2914,20,1.2
2915,5,1.2
2916,0,1.2
2917,20,1.2
2918,5,1.2
2919,0,1.2
2920,20,1.2
2921,5,1.2
2922,0,1.2
2923,20,1.2
2924,5,1.2
2925,0,1.2
2926,20,1.2
2927,5,1.2
2928,0,1.2
2929,20,1.2
2930,5,1.2
2931,0,1.2
2932,20,1.2
2933,5,1.2
2934,0,1.2
2935,20,1.2
2936,5,1.2
2937,0,1.2
2938,20,1.2
2939,5,1.2
2940,0,1.2
2941,20,1.2
2942,5,1.2
2943,0,1.2
2944,20,1.2
2945,5,1.2
2946,0,1.2
2947,20,1.2
2948,5,1.2
2949,0,1.2
2950,20,1.2
2951,5,1.2
2952,0,1.2
2953,20,1.2
2954,5,1.2
2955,0,1.2
2956,20,1.2
2957,5,1.2
2958,0,1.2
2959,20,1.2
2960,5,1.2
2961,0,1.2
2962,20,1.2
2963,5,1.2
2964,0,1.2
2965,20,1.2
2966,5,1.2
2967,0,1.2
2968,20,1.2
2969,5,1.2
2970,0,1.2
2971,20,1.2
2972,5,1.2
2973,0,1.2
2974,20,1.2
2975,5,1.2
2976,0,1.2
2977,20,1.2
2978,5,1.2
2979,0,1.2
2980,20,1.2
2981,5,1.2
2982,0,1.2
2983,20,1.2
2984,5,1.2
2985,0,1.2
2986,20,1.2
2987,5,1.2
2988,0,1.2
2989,20,1.2
2990,5,1.2
2991,0,1.2
2992,20,1.2
2993,5,1.2
2994,0,1.2
2995,20,1.2
2996,5,1.2
2997,0,1.2
2998,20,1.2
2999,5,1.2
3000,0,1.2
3001,20,1.2
3002,5,1.2
3003,0,1.2
3004,20,1.2
3005,5,1.2
3006,0,1.2
3007,20,1.2
3008,5,1.2
3009,0,1.2
3010,20,1.2
3011,5,1.2
3012,0,1.2
3013,20,1.2
3014,5,1.2
3015,0,1.2
3016,20,1.2
3017,5,1.2
3018,0,1.2
3019,20,1.2
3020,5,1.2
3021,0,1.2
3022,20,1.2
3023,5,1.2
3024,0,1.2
3025,20,1.2
3026,5,1.2
3027,0,1.2
3028,20,1.2
3029,5,1.2
3030,0,1.2
3031,20,1.2
3032,5,1.2
3033,0,1.2
3034,20,1.2
3035,5,1.2
3036,0,1.2
3037,20,1.2
3038,5,1.2
3039,0,1.2
3040,20,1.2
3041,5,1.2
3042,0,1.2
3043,20,1.2
3044,5,1.2
3045,0,1.2
3046,20,1.2
3047,5,1.2
3048,0,1.2
3049,20,1.2
3050,5,1.2
3051,0,1.2
3052,20,1.2
3053,5,1.2
3054,0,1.2
3055,20,1.2
3056,5,1.2
3057,0,1.2
3058,20,1.2
3059,5,1.2
3060,0,1.2
3061,20,1.2
3062,5,1.2
3063,0,1.2
3064,20,1.2
3065,5,1.2
3066,0,1.2
3067,20,1.2
3068,5,1.2
3069,0,1.2
3070,20,1.2
3071,5,1.2
3072,0,1.2
3073,20,1.2
3074,5,1.2
3075,0,1.2
3076,20,1.2
3077,5,1.2
3078,0,1.2
3079,20,1.2
3080,5,1.2
3081,0,1.2
3082,20,1.2
3083,5,1.2
3084,0,1.2
3085,20,1.2
3086,5,1.2
3087,0,1.2
3088,20,1.2
3089,5,1.2
3090,0,1.2
3091,20,1.2
3092,5,1.2
3093,0,1.2
3094,20,1.2
3095,5,1.2
3096,0,1.2
3097,20,1.2
3098,5,1.2
3099,0,1.2
3100,20,1.2
3101,5,1.2
3102,0,1.2
3103,20,1.2
3104,5,1.2
3105,0,1.2
3106,20,1.2
3107,5,1.2
3108,0,1.2
3109,20,1.2
3110,5,1.2
3111,0,1.2
3112,20,1.2
3113,5,1.2
3114,0,1.2
3115,20,1.2
3116,5,1.2
3117,0,1.2
3118,20,1.2
3119,5,1.2
3120,0,1.2
3121,20,1.2
3122,5,1.2
3123,0,1.2
3124,20,1.2
3125,5,1.2
3126,0,1.2
3127,20,1.2
3128,5,1.2
3129,0,1.2
3130,20,1.2
3131,5,1.2
3132,0,1.2
3133,20,1.2
3134,5,1.2
3135,0,1.2
3136,20,1.2
3137,5,1.2
3138,0,1.2
3139,20,1.2
3140,5,1.2
3141,0,1.2
3142,20,1.2
3143,5,1.2
3144,0,1.2
3145,20,1.2
3146,5,1.2
3147,0,1.2
3148,20,1.2
3149,5,1.2
3150,0,1.2
3151,20,1.2
3152,5,1.2
3153,0,1.2
3154,20,1.2
3155,5,1.2
3156,0,1.2
3157,20,1.2
3158,5,1.2
3159,0,1.2
3160,20,1.2
3161,5,1.2
3162,0,1.2
3163,20,1.2
3164,5,1.2
3165,0,1.2
3166,20,1.2
3167,5,1.2
3168,0,1.2
3169,20,1.2
3170,5,1.2
3171,0,1.2
3172,20,1.2
3173,5,1.2
3174,0,1.2
3175,20,1.2
3176,5,1.2
3177,0,1.2
3178,20,1.2
3179,5,1.2
3180,0,1.2
3181,20,1.2
3182,5,1.2
3183,0,1.2
3184,20,1.2
3185,5,1.2
3186,0,1.2
3187,20,1.2
3188,5,1.2
3189,0,1.2
3190,20,1.2
3191,5,1.2
3192,0,1.2
3193,20,1.2
3194,5,1.2
3195,0,1.2
3196,20,1.2
3197,5,1.2
3198,0,1.2
3199,20,1.2
3200,5,1.2
3201,0,1.2
3202,20,1.2
3203,5,1.2
3204,0,1.2
3205,20,1.2
3206,5,1.2
3207,0,1.2
3208,20,1.2
3209,5,1.2
3210,0,1.2
3211,20,1.2
3212,5,1.2
3213,0,1.2
3214,20,1.2
3215,5,1.2
3216,0,1.2
3217,20,1.2
3218,5,1.2
3219,0,1.2
3220,20,1.2
3221,5,1.2
3222,0,1.2
3223,20,1.2
3224,5,1.2
3225,0,1.2
3226,20,1.2
3227,5,1.2
3228,0,1.2
3229,20,1.2
3230,5,1.2
3231,0,1.2
3232,20,1.2
3233,5,1.2
3234,0,1.2
3235,20,1.2
3236,5,1.2
3237,0,1.2
3238,20,1.2
3239,5,1.2
3240,0,1.2
3241,20,1.2
3242,5,1.2
3243,0,1.2
3244,20,1.2
3245,5,1.2
3246,0,1.2
3247,20,1.2
3248,5,1.2
3249,0,1.2
3250,20,1.2
3251,5,1.2
3252,0,1.2
3253,20,1.2
3254,5,1.2
3255,0,1.2
3256,20,1.2
3257,5,1.2
3258,0,1.2
3259,20,1.2
3260,5,1.2
3261,0,1.2
3262,20,1.2
3263,5,1.2
3264,0,1.2
3265,20,1.2
3266,5,1.2
3267,0,1.2
3268,20,1.2
3269,5,1.2
3270,0,1.2
3271,20,1.2
3272,5,1.2
3273,0,1.2
3274,20,1.2
3275,5,1.2
3276,0,1.2
3277,20,1.2
3278,5,1.2
3279,0,1.2
3280,20,1.2
3281,5,1.2
3282,0,1.2
3283,20,1.2
3284,5,1.2
3285,0,1.2
3286,20,1.2
3287,5,1.2
3288,0,1.2
3289,20,1.2
3290,5,1.2
3291,0,1.2
3292,20,1.2
3293,5,1.2
3294,0,1.2
3295,20,1.2
3296,5,1.2
3297,0,1.2
3298,20,1.2
3299,5,1.2
3300,0,1.2
3301,20,1.2
3302,5,1.2
3303,0,1.2
3304,20,1.2
3305,5,1.2
3306,0,1.2
3307,20,1.2
3308,5,1.2
3309,0,1.2
3310,20,1.2
3311,5,1.2
3312,0,1.2
3313,20,1.2
3314,5,1.2
3315,0,1.2
3316,20,1.2
3317,5,1.2
3318,0,1.2
3319,20,1.2
3320,5,1.2
3321,0,1.2
3322,20,1.2
3323,5,1.2
3324,0,1.2
3325,20,1.2
3326,5,1.2
3327,0,1.2
3328,20,1.2
3329,5,1.2
3330,0,1.2
3331,20,1.2
3332,5,1.2
3333,0,1.2
3334,20,1.2
3335,5,1.2
3336,0,1.2
3337,20,1.2
3338,5,1.2
3339,0,1.2
3340,20,1.2
3341,5,1.2
3342,0,1.2
3343,20,1.2
3344,5,1.2
3345,0,1.2
3346,20,1.2
3347,5,1.2
3348,0,1.2
3349,20,1.2
3350,5,1.2
3351,0,1.2
3352,20,1.2
3353,5,1.2
3354,0,1.2
3355,20,1.2
3356,5,1.2
3357,0,1.2
3358,20,1.2
3359,5,1.2
3360,0,1.2
3361,20,1.2
3362,5,1.2
3363,0,1.2
3364,20,1.2
3365,5,1.2
3366,0,1.2
3367,20,1.2
3368,5,1.2
3369,0,1.2
3370,20,1.2
3371,5,1.2
3372,0,1.2
3373,20,1.2
3374,5,1.2
3375,0,1.2
3376,20,1.2
3377,5,1.2
3378,0,1.2
3379,20,1.2
3380,5,1.2
3381,0,1.2
3382,20,1.2
3383,5,1.2
3384,0,1.2
3385,20,1.2
3386,5,1.2
3387,0,1.2
3388,20,1.2
3389,5,1.2
3390,0,1.2
3391,20,1.2
3392,5,1.2
3393,0,1.2
3394,20,1.2
3395,5,1.2
3396,0,1.2
3397,20,1.2
3398,5,1.2
3399,0,1.2
3400,20,1.2
3401,5,1.2
3402,0,1.2
3403,20,1.2
3404,5,1.2
3405,0,1.2
3406,20,1.2
3407,5,1.2
3408,0,1.2
3409,20,1.2
3410,5,1.2
3411,0,1.2
3412,20,1.2
3413,5,1.2
3414,0,1.2
3415,20,1.2
3416,5,1.2
3417,0,1.2
3418,20,1.2
3419,5,1.2
3420,0,1.2
3421,20,1.2
3422,5,1.2
3423,0,1.2
3424,20,1.2
3425,5,1.2
3426,0,1.2
3427,20,1.2
3428,5,1.2
3429,0,1.2
3430,20,1.2
3431,5,1.2
3432,0,1.2
3433,20,1.2
3434,5,1.2
3435,0,1.2
3436,20,1.2
3437,5,1.2
3438,0,1.2
3439,20,1.2
3440,5,1.2
3441,0,1.2
3442,20,1.2
3443,5,1.2
3444,0,1.2
3445,20,1.2
3446,5,1.2
3447,0,1.2
3448,20,1.2
3449,5,1.2
3450,0,1.2
3451,20,1.2
3452,5,1.2
3453,0,1.2
3454,20,1.2
3455,5,1.2
3456,0,1.2
3457,20,1.2
3458,5,1.2
3459,0,1.2
3460,20,1.2
3461,5,1.2
3462,0,1.2
3463,20,1.2
3464,5,1.2
3465,0,1.2
3466,20,1.2
3467,5,1.2
3468,0,1.2
3469,20,1.2
3470,5,1.2
3471,0,1.2
3472,20,1.2
3473,5,1.2
3474,0,1.2
3475,20,1.2
3476,5,1.2
3477,0,1.2
3478,20,1.2
3479,5,1.2
3480,0,1.2
3481,20,1.2
3482,5,1.2
3483,0,1.2
3484,20,1.2
3485,5,1.2
3486,0,1.2
3487,20,1.2
3488,5,1.2
3489,0,1.2
3490,20,1.2
3491,5,1.2
3492,0,1.2
3493,20,1.2
3494,5,1.2
3495,0,1.2
3496,20,1.2
3497,5,1.2
3498,0,1.2
3499,20,1.2
3500,5,1.2
3501,0,1.2
3502,20,1.2
3503,5,1.2
3504,0,1.2
3505,20,1.2
3506,5,1.2
3507,0,1.2
3508,20,1.2
3509,5,1.2
3510,0,1.2
3511,20,1.2
3512,5,1.2
3513,0,1.2
3514,20,1.2
3515,5,1.2
3516,0,1.2
3517,20,1.2
3518,5,1.2
3519,0,1.2
3520,20,1.2
3521,5,1.2
3522,0,1.2
3523,20,1.2
3524,5,1.2
3525,0,1.2
3526,20,1.2
3527,5,1.2
3528,0,1.2
3529,20,1.2
3530,5,1.2
3531,0,1.2
3532,20,1.2
3533,5,1.2
3534,0,1.2
3535,20,1.2
3536,5,1.2
3537,0,1.2
3538,20,1.2
3539,5,1.2
3540,0,1.2
3541,20,1.2
3542,5,1.2
3543,0,1.2
3544,20,1.2
3545,5,1.2
3546,0,1.2
3547,20,1.2
3548,5,1.2
3549,0,1.2
3550,20,1.2
3551,5,1.2
3552,0,1.2
3553,20,1.2
3554,5,1.2
3555,0,1.2
3556,20,1.2
3557,5,1.2
3558,0,1.2
3559,20,1.2
3560,5,1.2
3561,0,1.2
3562,20,1.2
3563,5,1.2
3564,0,1.2
3565,20,1.2
3566,5,1.2
3567,0,1.2
3568,20,1.2
3569,5,1.2
3570,0,1.2
3571,20,1.2
3572,5,1.2
3573,0,1.2
3574,20,1.2
3575,5,1.2
3576,0,1.2
3577,20,1.2
3578,5,1.2
3579,0,1.2
3580,20,1.2
3581,5,1.2
3582,0,1.2
3583,20,1.2
3584,5,1.2
3585,0,1.2
3586,20,1.2
3587,5,1.2
3588,0,1.2
3589,20,1.2
3590,5,1.2
3591,0,1.2
3592,20,1.2
3593,5,1.2
3594,0,1.2
3595,20,1.2
3596,5,1.2
3597,0,1.2
3598,20,1.2
3599,5,1.2
3600,0,1.2
3601,20,1.2
3602,5,1.2
3603,0,1.2
3604,20,1.2
3605,5,1.2
3606,0,1.2
3607,20,1.2
3608,5,1.2
3609,0,1.2
3610,20,1.2
3611,5,1.2
3612,0,1.2
3613,20,1.2
3614,5,1.2
3615,0,1.2
3616,20,1.2
3617,5,1.2
3618,0,1.2
3619,20,1.2
3620,5,1.2
3621,0,1.2
3622,20,1.2
3623,5,1.2
3624,0,1.2
3625,20,1.2
3626,5,1.2
3627,0,1.2
3628,20,1.2
3629,5,1.2
3630,0,1.2
3631,20,1.2
3632,5,1.2
3633,0,1.2
3634,20,1.2
3635,5,1.2
3636,0,1.2
3637,20,1.2
3638,5,1.2
3639,0,1.2
3640,20,1.2
3641,5,1.2
3642,0,1.2
3643,20,1.2
3644,5,1.2
3645,0,1.2
3646,20,1.2
3647,5,1.2
3648,0,1.2
3649,20,1.2
3650,5,1.2
3651,0,1.2
3652,20,1.2
3653,5,1.2
3654,0,1.2
3655,20,1.2
3656,5,1.2
3657,0,1.2
3658,20,1.2
3659,5,1.2
3660,0,1.2
3661,20,1.2
3662,5,1.2
3663,0,1.2
3664,20,1.2
3665,5,1.2
3666,0,1.2
3667,20,1.2
3668,5,1.2
3669,0,1.2
3670,20,1.2
3671,5,1.2
3672,0,1.2
3673,20,1.2
3674,5,1.2
3675,0,1.2
3676,20,1.2
3677,5,1.2
3678,0,1.2
3679,20,1.2
3680,5,1.2
3681,0,1.2
3682,20,1.2
3683,5,1.2
3684,0,1.2
3685,20,1.2
3686,5,1.2
3687,0,1.2
3688,20,1.2
3689,5,1.2
3690,0,1.2
3691,20,1.2
3692,5,1.2
3693,0,1.2
3694,20,1.2
3695,5,1.2
3696,0,1.2
3697,20,1.2
3698,5,1.2
3699,0,1.2
3700,20,1.2
3701,5,1.2
3702,0,1.2
3703,20,1.2
3704,5,1.2
3705,0,1.2
3706,20,1.2
3707,5,1.2
3708,0,1.2
3709,20,1.2
3710,5,1.2
3711,0,1.2
3712,20,1.2
3713,5,1.2
3714,0,1.2
3715,20,1.2
3716,5,1.2
3717,0,1.2
3718,20,1.2
3719,5,1.2
3720,0,1.2
3721,20,1.2
3722,5,1.2
3723,0,1.2
3724,20,1.2
3725,5,1.2
3726,0,1.2
3727,20,1.2
3728,5,1.2
3729,0,1.2
3730,20,1.2
3731,5,1.2
3732,0,1.2
3733,20,1.2
3734,5,1.2
3735,0,1.2
3736,20,1.2
3737,5,1.2
3738,0,1.2
3739,20,1.2
3740,5,1.2
3741,0,1.2
3742,20,1.2
3743,5,1.2
3744,0,1.2
3745,20,1.2
3746,5,1.2
3747,0,1.2
3748,20,1.2
3749,5,1.2
3750,0,1.2
3751,20,1.2
3752,5,1.2
3753,0,1.2
3754,20,1.2
3755,5,1.2
3756,0,1.2
3757,20,1.2
3758,5,1.2
3759,0,1.2
3760,20,1.2
3761,5,1.2
3762,0,1.2
3763,20,1.2
3764,5,1.2
3765,0,1.2
3766,20,1.2
3767,5,1.2
3768,0,1.2
3769,20,1.2
3770,5,1.2
3771,0,1.2
3772,20,1.2
3773,5,1.2
3774,0,1.2
3775,20,1.2
3776,5,1.2
3777,0,1.2
3778,20,1.2
3779,5,1.2
3780,0,1.2
3781,20,1.2
3782,5,1.2
3783,0,1.2
3784,20,1.2
3785,5,1.2
3786,0,1.2
3787,20,1.2
3788,5,1.2
3789,0,1.2
3790,20,1.2
3791,5,1.2
3792,0,1.2
3793,20,1.2
3794,5,1.2
3795,0,1.2
3796,20,1.2
3797,5,1.2
3798,0,1.2
3799,20,1.2
3800,5,1.2
3801,0,1.2
3802,20,1.2
3803,5,1.2
3804,0,1.2
3805,20,1.2
3806,5,1.2
3807,0,1.2
3808,20,1.2
3809,5,1.2
3810,0,1.2
3811,20,1.2
3812,5,1.2
3813,0,1.2
3814,20,1.2
3815,5,1.2
3816,0,1.2
3817,20,1.2
3818,5,1.2
3819,0,1.2
3820,20,1.2
3821,5,1.2
3822,0,1.2
3823,20,1.2
3824,5,1.2
3825,0,1.2
3826,20,1.2
3827,5,1.2
3828,0,1.2
3829,20,1.2
3830,5,1.2
3831,0,1.2
3832,20,1.2
3833,5,1.2
3834,0,1.2
3835,20,1.2
3836,5,1.2
3837,0,1.2
3838,20,1.2
3839,5,1.2
3840,0,1.2
3841,20,1.2
3842,5,1.2
3843,0,1.2
3844,20,1.2
3845,5,1.2
3846,0,1.2
3847,20,1.2
3848,5,1.2
3849,0,1.2
3850,20,1.2
3851,5,1.2
3852,0,1.2
3853,20,1.2
3854,5,1.2
3855,0,1.2
3856,20,1.2
3857,5,1.2
3858,0,1.2
3859,20,1.2
3860,5,1.2
3861,0,1.2
3862,20,1.2
3863,5,1.2
3864,0,1.2
3865,20,1.2
3866,5,1.2
3867,0,1.2
3868,20,1.2
3869,5,1.2
3870,0,1.2
3871,20,1.2
3872,5,1.2
3873,0,1.2
3874,20,1.2
3875,5,1.2
3876,0,1.2
3877,20,1.2
3878,5,1.2
3879,0,1.2
3880,20,1.2
3881,5,1.2
3882,0,1.2
3883,20,1.2
3884,5,1.2
3885,0,1.2
3886,20,1.2
3887,5,1.2
3888,0,1.2
3889,20,1.2
3890,5,1.2
3891,0,1.2
3892,20,1.2
3893,5,1.2
3894,0,1.2
3895,20,1.2
3896,5,1.2
3897,0,1.2
3898,20,1.2
3899,5,1.2
3900,0,1.2
3901,20,1.2
3902,5,1.2
3903,0,1.2
3904,20,1.2
3905,5,1.2
3906,0,1.2
3907,20,1.2
3908,5,1.2
3909,0,1.2
3910,20,1.2
3911,5,1.2
3912,0,1.2
3913,20,1.2
3914,5,1.2
3915,0,1.2
3916,20,1.2
3917,5,1.2
3918,0,1.2
3919,20,1.2
3920,5,1.2
3921,0,1.2
3922,20,1.2
3923,5,1.2
3924,0,1.2
3925,20,1.2
3926,5,1.2
3927,0,1.2
3928,20,1.2
3929,5,1.2
3930,0,1.2
3931,20,1.2
3932,5,1.2
3933,0,1.2
3934,20,1.2
3935,5,1.2
3936,0,1.2
3937,20,1.2
3938,5,1.2
3939,0,1.2
3940,20,1.2
3941,5,1.2
3942,0,1.2
3943,20,1.2
3944,5,1.2
3945,0,1.2
3946,20,1.2
3947,5,1.2
3948,0,1.2
3949,20,1.2
3950,5,1.2
3951,0,1.2
3952,20,1.2
3953,5,1.2
3954,0,1.2
3955,20,1.2
3956,5,1.2
3957,0,1.2
3958,20,1.2
3959,5,1.2
3960,0,1.2
3961,20,1.2
3962,5,1.2
3963,0,1.2
3964,20,1.2
3965,5,1.2
3966,0,1.2
3967,20,1.2
3968,5,1.2
3969,0,1.2
3970,20,1.2
3971,5,1.2
3972,0,1.2
3973,20,1.2
3974,5,1.2
3975,0,1.2
3976,20,1.2
3977,5,1.2
3978,0,1.2
3979,20,1.2
3980,5,1.2
3981,0,1.2
3982,20,1.2
3983,5,1.2
3984,0,1.2
3985,20,1.2
3986,5,1.2
3987,0,1.2
3988,20,1.2
3989,5,1.2
3990,0,1.2
3991,20,1.2
3992,5,1.2
3993,0,1.2
3994,20,1.2
3995,5,1.2
3996,0,1.2
3997,20,1.2
3998,5,1.2
3999,0,1.2
4000,20,1.2
4001,5,1.2
4002,0,1.2
4003,20,1.2
4004,5,1.2
4005,0,1.2
4006,20,1.2
4007,5,1.2
4008,0,1.2
4009,20,1.2
4010,5,1.2
4011,0,1.2
4012,20,1.2
4013,5,1.2
4014,0,1.2
4015,20,1.2
4016,5,1.2
4017,0,1.2
4018,20,1.2
4019,5,1.2
4020,0,1.2
4021,20,1.2
4022,5,1.2
4023,0,1.2
4024,20,1.2
4025,5,1.2
4026,0,1.2
4027,20,1.2
4028,5,1.2
4029,0,1.2
4030,20,1.2
4031,5,1.2
4032,0,1.2
4033,20,1.2
4034,5,1.2
4035,0,1.2
4036,20,1.2
4037,5,1.2
4038,0,1.2
4039,20,1.2
4040,5,1.2
4041,0,1.2
4042,20,1.2
4043,5,1.2
4044,0,1.2
4045,20,1.2
4046,5,1.2
4047,0,1.2
4048,20,1.2
4049,5,1.2
4050,0,1.2
4051,20,1.2
4052,5,1.2
4053,0,1.2
4054,20,1.2
4055,5,1.2
4056,0,1.2
4057,20,1.2
4058,5,1.2
4059,0,1.2
4060,20,1.2
4061,5,1.2
4062,0,1.2
4063,20,1.2
4064,5,1.2
4065,0,1.2
4066,20,1.2
4067,5,1.2
4068,0,1.2
4069,20,1.2
4070,5,1.2
4071,0,1.2
4072,20,1.2
4073,5,1.2
4074,0,1.2
4075,20,1.2
4076,5,1.2
4077,0,1.2
4078,20,1.2
4079,5,1.2
4080,0,1.2
4081,20,1.2
4082,5,1.2
4083,0,1.2
4084,20,1.2
4085,5,1.2
4086,0,1.2
4087,20,1.2
4088,5,1.2
4089,0,1.2
4090,20,1.2
4091,5,1.2
4092,0,1.2
4093,20,1.2
4094,5,1.2
4095,0,1.2
4096,20,1.2
4097,5,1.2
4098,0,1.2
4099,20,1.2
4100,5,1.2
4101,0,1.2
4102,20,1.2
4103,5,1.2
4104,0,1.2
4105,20,1.2
4106,5,1.2
4107,0,1.2
4108,20,1.2
4109,5,1.2
4110,0,1.2
4111,20,1.2
4112,5,1.2
4113,0,1.2
4114,20,1.2
4115,5,1.2
4116,0,1.2
4117,20,1.2
4118,5,1.2
4119,0,1.2
4120,20,1.2
4121,5,1.2
4122,0,1.2
4123,20,1.2
4124,5,1.2
4125,0,1.2
4126,20,1.2
4127,5,1.2
4128,0,1.2
4129,20,1.2
4130,5,1.2
4131,0,1.2
4132,20,1.2
4133,5,1.2
4134,0,1.2
4135,20,1.2
4136,5,1.2
4137,0,1.2
4138,20,1.2
4139,5,1.2
4140,0,1.2
4141,20,1.2
4142,5,1.2
4143,0,1.2
4144,20,1.2
4145,5,1.2
4146,0,1.2
4147,20,1.2
4148,5,1.2
4149,0,1.2
4150,20,1.2
4151,5,1.2
4152,0,1.2
4153,20,1.2
4154,5,1.2
4155,0,1.2
4156,20,1.2
4157,5,1.2
4158,0,1.2
4159,20,1.2
4160,5,1.2
4161,0,1.2
4162,20,1.2
4163,5,1.2
4164,0,1.2
4165,20,1.2
4166,5,1.2
4167,0,1.2
4168,20,1.2
4169,5,1.2
4170,0,1.2
4171,20,1.2
4172,5,1.2
4173,0,1.2
4174,20,1.2
4175,5,1.2
4176,0,1.2
4177,20,1.2
4178,5,1.2
4179,0,1.2
4180,20,1.2
4181,5,1.2
4182,0,1.2
4183,20,1.2
4184,5,1.2
4185,0,1.2
4186,20,1.2
4187,5,1.2
4188,0,1.2
4189,20,1.2
4190,5,1.2
4191,0,1.2
4192,20,1.2
4193,5,1.2
4194,0,1.2
4195,20,1.2
4196,5,1.2
4197,0,1.2
4198,20,1.2
4199,5,1.2
4200,0,1.2
4201,20,1.2
4202,5,1.2
4203,0,1.2
4204,20,1.2
4205,5,1.2
4206,0,1.2
4207,20,1.2
4208,5,1.2
4209,0,1.2
4210,20,1.2
4211,5,1.2
4212,0,1.2
4213,20,1.2
4214,5,1.2
4215,0,1.2
4216,20,1.2
4217,5,1.2
4218,0,1.2
4219,20,1.2
4220,5,1.2
4221,0,1.2
4222,20,1.2
4223,5,1.2
4224,0,1.2
4225,20,1.2
4226,5,1.2
4227,0,1.2
4228,20,1.2
4229,5,1.2
4230,0,1.2
4231,20,1.2
4232,5,1.2
4233,0,1.2
4234,20,1.2
4235,5,1.2
4236,0,1.2
4237,20,1.2
4238,5,1.2
4239,0,1.2
4240,20,1.2
4241,5,1.2
4242,0,1.2
4243,20,1.2
4244,5,1.2
4245,0,1.2
4246,20,1.2
4247,5,1.2
4248,0,1.2
4249,20,1.2
4250,5,1.2
4251,0,1.2
4252,20,1.2
4253,5,1.2
4254,0,1.2
4255,20,1.2
4256,5,1.2
4257,0,1.2
4258,20,1.2
4259,5,1.2
4260,0,1.2
4261,20,1.2
4262,5,1.2
4263,0,1.2
4264,20,1.2
4265,5,1.2
4266,0,1.2
4267,20,1.2
4268,5,1.2
4269,0,1.2
4270,20,1.2
4271,5,1.2
4272,0,1.2
4273,20,1.2
4274,5,1.2
4275,0,1.2
4276,20,1.2
4277,5,1.2
4278,0,1.2
4279,20,1.2
4280,5,1.2
4281,0,1.2
4282,20,1.2
4283,5,1.2
4284,0,1.2
4285,20,1.2
4286,5,1.2
4287,0,1.2
4288,20,1.2
4289,5,1.2
4290,0,1.2
4291,20,1.2
4292,5,1.2
4293,0,1.2
4294,20,1.2
4295,5,1.2
4296,0,1.2
4297,20,1.2
4298,5,1.2
4299,0,1.2
4300,20,1.2
4301,5,1.2
4302,0,1.2
4303,20,1.2
4304,5,1.2
4305,0,1.2
4306,20,1.2
4307,5,1.2
4308,0,1.2
4309,20,1.2
4310,5,1.2
4311,0,1.2
4312,20,1.2
4313,5,1.2
4314,0,1.2
4315,20,1.2
4316,5,1.2
4317,0,1.2
4318,20,1.2
4319,5,1.2
4320,0,1.2
4321,20,1.2
4322,5,1.2
4323,0,1.2
4324,20,1.2
4325,5,1.2
4326,0,1.2
4327,20,1.2
4328,5,1.2
4329,0,1.2
4330,20,1.2
4331,5,1.2
4332,0,1.2
4333,20,1.2
4334,5,1.2
4335,0,1.2
4336,20,1.2
4337,5,1.2
4338,0,1.2
4339,20,1.2
4340,5,1.2
4341,0,1.2
4342,20,1.2
4343,5,1.2
4344,0,1.2
4345,20,1.2
4346,5,1.2
4347,0,1.2
4348,20,1.2
4349,5,1.2
4350,0,1.2
4351,20,1.2
4352,5,1.2
4353,0,1.2
4354,20,1.2
4355,5,1.2
4356,0,1.2
4357,20,1.2
4358,5,1.2
4359,0,1.2
4360,20,1.2
4361,5,1.2
4362,0,1.2
4363,20,1.2
4364,5,1.2
4365,0,1.2
4366,20,1.2
4367,5,1.2
4368,0,1.2
4369,20,1.2
4370,5,1.2
4371,0,1.2
4372,20,1.2
4373,5,1.2
4374,0,1.2
4375,20,1.2
4376,5,1.2
4377,0,1.2
4378,20,1.2
4379,5,1.2
4380,0,1.2
4381,20,1.2
4382,5,1.2
4383,0,1.2
4384,20,1.2
4385,5,1.2
4386,0,1.2
4387,20,1.2
4388,5,1.2
4389,0,1.2
4390,20,1.2
4391,5,1.2
4392,0,1.2
4393,20,1.2
4394,5,1.2
4395,0,1.2
4396,20,1.2
4397,5,1.2
4398,0,1.2
4399,20,1.2
4400,5,1.2
4401,0,1.2
4402,20,1.2
4403,5,1.2
4404,0,1.2
4405,20,1.2
4406,5,1.2
4407,0,1.2
4408,20,1.2
4409,5,1.2
4410,0,1.2
4411,20,1.2
4412,5,1.2
4413,0,1.2
4414,20,1.2
4415,5,1.2
4416,0,1.2
4417,20,1.2
4418,5,1.2
4419,0,1.2
4420,20,1.2
4421,5,1.2
4422,0,1.2
4423,20,1.2
4424,5,1.2
4425,0,1.2
4426,20,1.2
4427,5,1.2
4428,0,1.2
4429,20,1.2
4430,5,1.2
4431,0,1.2
4432,20,1.2
4433,5,1.2
4434,0,1.2
4435,20,1.2
4436,5,1.2
4437,0,1.2
4438,20,1.2
4439,5,1.2
4440,0,1.2
4441,20,1.2
4442,5,1.2
4443,0,1.2
4444,20,1.2
4445,5,1.2
4446,0,1.2
4447,20,1.2
4448,5,1.2
4449,0,1.2
4450,20,1.2
4451,5,1.2
4452,0,1.2
4453,20,1.2
4454,5,1.2
4455,0,1.2
4456,20,1.2
4457,5,1.2
4458,0,1.2
4459,20,1.2
4460,5,1.2
4461,0,1.2
4462,20,1.2
4463,5,1.2
4464,0,1.2
4465,20,1.2
4466,5,1.2
4467,0,1.2
4468,20,1.2
4469,5,1.2
4470,0,1.2
4471,20,1.2
4472,5,1.2
4473,0,1.2
4474,20,1.2
4475,5,1.2
4476,0,1.2
4477,20,1.2
4478,5,1.2
4479,0,1.2
4480,20,1.2
4481,5,1.2
4482,0,1.2
4483,20,1.2
4484,5,1.2
4485,0,1.2
4486,20,1.2
4487,5,1.2
4488,0,1.2
4489,20,1.2
4490,5,1.2
4491,0,1.2
4492,20,1.2
4493,5,1.2
4494,0,1.2
4495,20,1.2
4496,5,1.2
4497,0,1.2
4498,20,1.2
4499,5,1.2
4500,0,1.2
4501,20,1.2
4502,5,1.2
4503,0,1.2
4504,20,1.2
4505,5,1.2
4506,0,1.2
4507,20,1.2
4508,5,1.2
4509,0,1.2
4510,20,1.2
4511,5,1.2
4512,0,1.2
4513,20,1.2
4514,5,1.2
4515,0,1.2
4516,20,1.2
4517,5,1.2
4518,0,1.2
4519,20,1.2
4520,5,1.2
4521,0,1.2
4522,20,1.2
4523,5,1.2
4524,0,1.2
4525,20,1.2
4526,5,1.2
4527,0,1.2
4528,20,1.2
4529,5,1.2
4530,0,1.2
4531,20,1.2
4532,5,1.2
4533,0,1.2
4534,20,1.2
4535,5,1.2
4536,0,1.2
4537,20,1.2
4538,5,1.2
4539,0,1.2
4540,20,1.2
4541,5,1.2
4542,0,1.2
4543,20,1.2
4544,5,1.2
4545,0,1.2
4546,20,1.2
4547,5,1.2
4548,0,1.2
4549,20,1.2
4550,5,1.2
4551,0,1.2
4552,20,1.2
4553,5,1.2
4554,0,1.2
4555,20,1.2
4556,5,1.2
4557,0,1.2
4558,20,1.2
4559,5,1.2
4560,0,1.2
4561,20,1.2
4562,5,1.2
4563,0,1.2
4564,20,1.2
4565,5,1.2
4566,0,1.2
4567,20,1.2
4568,5,1.2
4569,0,1.2
4570,20,1.2
4571,5,1.2
4572,0,1.2
4573,20,1.2
4574,5,1.2
4575,0,1.2
4576,20,1.2
4577,5,1.2
4578,0,1.2
4579,20,1.2
4580,5,1.2
4581,0,1.2
4582,20,1.2
4583,5,1.2
4584,0,1.2
4585,20,1.2
4586,5,1.2
4587,0,1.2
4588,20,1.2
4589,5,1.2
4590,0,1.2
4591,20,1.2
4592,5,1.2
4593,0,1.2
4594,20,1.2
4595,5,1.2
4596,0,1.2
4597,20,1.2
4598,5,1.2
4599,0,1.2
4600,20,1.2
4601,5,1.2
4602,0,1.2
4603,20,1.2
4604,5,1.2
4605,0,1.2
4606,20,1.2
4607,5,1.2
4608,0,1.2
4609,20,1.2
4610,5,1.2
4611,0,1.2
4612,20,1.2
4613,5,1.2
4614,0,1.2
4615,20,1.2
4616,5,1.2
4617,0,1.2
4618,20,1.2
4619,5,1.2
4620,0,1.2
4621,20,1.2
4622,5,1.2
4623,0,1.2
4624,20,1.2
4625,5,1.2
4626,0,1.2
4627,20,1.2
4628,5,1.2
4629,0,1.2
4630,20,1.2
4631,5,1.2
4632,0,1.2
4633,20,1.2
4634,5,1.2
4635,0,1.2
4636,20,1.2
4637,5,1.2
4638,0,1.2
4639,20,1.2
4640,5,1.2
4641,0,1.2
4642,20,1.2
4643,5,1.2
4644,0,1.2
4645,20,1.2
4646,5,1.2
4647,0,1.2
4648,20,1.2
4649,5,1.2
4650,0,1.2
4651,20,1.2
4652,5,1.2
4653,0,1.2
4654,20,1.2
4655,5,1.2
4656,0,1.2
4657,20,1.2
4658,5,1.2
4659,0,1.2
4660,20,1.2
4661,5,1.2
4662,0,1.2
4663,20,1.2
4664,5,1.2
4665,0,1.2
4666,20,1.2
4667,5,1.2
4668,0,1.2
4669,20,1.2
4670,5,1.2
4671,0,1.2
4672,20,1.2
4673,5,1.2
4674,0,1.2
4675,20,1.2
4676,5,1.2
4677,0,1.2
4678,20,1.2
4679,5,1.2
4680,0,1.2
4681,20,1.2
4682,5,1.2
4683,0,1.2
4684,20,1.2
4685,5,1.2
4686,0,1.2
4687,20,1.2
4688,5,1.2
4689,0,1.2
4690,20,1.2
4691,5,1.2
4692,0,1.2
4693,20,1.2
4694,5,1.2
4695,0,1.2
4696,20,1.2
4697,5,1.2
4698,0,1.2
4699,20,1.2
4700,5,1.2
4701,0,1.2
4702,20,1.2
4703,5,1.2
4704,0,1.2
4705,20,1.2
4706,5,1.2
4707,0,1.2
4708,20,1.2
4709,5,1.2
4710,0,1.2
4711,20,1.2
4712,5,1.2
4713,0,1.2
4714,20,1.2
4715,5,1.2
4716,0,1.2
4717,20,1.2
4718,5,1.2
4719,0,1.2
4720,20,1.2
4721,5,1.2
4722,0,1.2
4723,20,1.2
4724,5,1.2
4725,0,1.2
4726,20,1.2
4727,5,1.2
4728,0,1.2
4729,20,1.2
4730,5,1.2
4731,0,1.2
4732,20,1.2
4733,5,1.2
4734,0,1.2
4735,20,1.2
4736,5,1.2
4737,0,1.2
4738,20,1.2
4739,5,1.2
4740,0,1.2
4741,20,1.2
4742,5,1.2
4743,0,1.2
4744,20,1.2
4745,5,1.2
4746,0,1.2
4747,20,1.2
4748,5,1.2
4749,0,1.2
4750,20,1.2
4751,5,1.2
4752,0,1.2
4753,20,1.2
4754,5,1.2
4755,0,1.2
4756,20,1.2
4757,5,1.2
4758,0,1.2
4759,20,1.2
4760,5,1.2
4761,0,1.2
4762,20,1.2
4763,5,1.2
4764,0,1.2
4765,20,1.2
4766,5,1.2
4767,0,1.2
4768,20,1.2
4769,5,1.2
4770,0,1.2
4771,20,1.2
4772,5,1.2
4773,0,1.2
4774,20,1.2
4775,5,1.2
4776,0,1.2
4777,20,1.2
4778,5,1.2
4779,0,1.2
4780,20,1.2
4781,5,1.2
4782,0,1.2
4783,20,1.2
4784,5,1.2
4785,0,1.2
4786,20,1.2
4787,5,1.2
4788,0,1.2
4789,20,1.2
4790,5,1.2
4791,0,1.2
4792,20,1.2
4793,5,1.2
4794,0,1.2
4795,20,1.2
4796,5,1.2
4797,0,1.2
4798,20,1.2
4799,5,1.2
4800,0,1.2
4801,20,1.2
4802,5,1.2
4803,0,1.2
4804,20,1.2
4805,5,1.2
4806,0,1.2
4807,20,1.2
4808,5,1.2
4809,0,1.2
4810,20,1.2
4811,5,1.2
4812,0,1.2
4813,20,1.2
4814,5,1.2
4815,0,1.2
4816,20,1.2
4817,5,1.2
4818,0,1.2
4819,20,1.2
4820,5,1.2
4821,0,1.2
4822,20,1.2
4823,5,1.2
4824,0,1.2
4825,20,1.2
4826,5,1.2
4827,0,1.2
4828,20,1.2
4829,5,1.2
4830,0,1.2
4831,20,1.2
4832,5,1.2
4833,0,1.2
4834,20,1.2
4835,5,1.2
4836,0,1.2
4837,20,1.2
4838,5,1.2
4839,0,1.2
4840,20,1.2
4841,5,1.2
4842,0,1.2
4843,20,1.2
4844,5,1.2
4845,0,1.2
4846,20,1.2
4847,5,1.2
4848,0,1.2
4849,20,1.2
4850,5,1.2
4851,0,1.2
4852,20,1.2
4853,5,1.2
4854,0,1.2
4855,20,1.2
4856,5,1.2
4857,0,1.2
4858,20,1.2
4859,5,1.2
4860,0,1.2
4861,20,1.2
4862,5,1.2
4863,0,1.2
4864,20,1.2
4865,5,1.2
4866,0,1.2
4867,20,1.2
4868,5,1.2
4869,0,1.2
4870,20,1.2
4871,5,1.2
4872,0,1.2
4873,20,1.2
4874,5,1.2
4875,0,1.2
4876,20,1.2
4877,5,1.2
4878,0,1.2
4879,20,1.2
4880,5,1.2
4881,0,1.2
4882,20,1.2
4883,5,1.2
4884,0,1.2
4885,20,1.2
4886,5,1.2
4887,0,1.2
4888,20,1.2
4889,5,1.2
4890,0,1.2
4891,20,1.2
4892,5,1.2
4893,0,1.2
4894,20,1.2
4895,5,1.2
4896,0,1.2
4897,20,1.2
4898,5,1.2
4899,0,1.2
4900,20,1.2
4901,5,1.2
4902,0,1.2
4903,20,1.2
4904,5,1.2
4905,0,1.2
4906,20,1.2
4907,5,1.2
4908,0,1.2
4909,20,1.2
4910,5,1.2
4911,0,1.2
4912,20,1.2
4913,5,1.2
4914,0,1.2
4915,20,1.2
4916,5,1.2
4917,0,1.2
4918,20,1.2
4919,5,1.2
4920,0,1.2
4921,20,1.2
4922,5,1.2
4923,0,1.2
4924,20,1.2
4925,5,1.2
4926,0,1.2
4927,20,1.2
4928,5,1.2
4929,0,1.2
4930,20,1.2
4931,5,1.2
4932,0,1.2
4933,20,1.2
4934,5,1.2
4935,0,1.2
4936,20,1.2
4937,5,1.2
4938,0,1.2
4939,20,1.2
4940,5,1.2
4941,0,1.2
4942,20,1.2
4943,5,1.2
4944,0,1.2
4945,20,1.2
4946,5,1.2
4947,0,1.2
4948,20,1.2
4949,5,1.2
4950,0,1.2
4951,20,1.2
4952,5,1.2
4953,0,1.2
4954,20,1.2
4955,5,1.2
4956,0,1.2
4957,20,1.2
4958,5,1.2
4959,0,1.2
4960,20,1.2
4961,5,1.2
4962,0,1.2
4963,20,1.2
4964,5,1.2
4965,0,1.2
4966,20,1.2
4967,5,1.2
4968,0,1.2
4969,20,1.2
4970,5,1.2
4971,0,1.2
4972,20,1.2
4973,5,1.2
4974,0,1.2
4975,20,1.2
4976,5,1.2
4977,0,1.2
4978,20,1.2
4979,5,1.2
4980,0,1.2
4981,20,1.2
4982,5,1.2
4983,0,1.2
4984,20,1.2
4985,5,1.2
4986,0,1.2
4987,20,1.2
4988,5,1.2
4989,0,1.2
4990,20,1.2
4991,5,1.2
4992,0,1.2
4993,20,1.2
4994,5,1.2
4995,0,1.2
4996,20,1.2
4997,5,1.2
4998,0,1.2
4999,20,1.2
5000,5,1.2
5001,0,1.2
5002,20,1.2
5003,5,1.2
5004,0,1.2
5005,20,1.2
5006,5,1.2
5007,0,1.2
5008,20,1.2
5009,5,1.2
5010,0,1.2
5011,20,1.2
5012,5,1.2
5013,0,1.2
5014,20,1.2
5015,5,1.2
5016,0,1.2
5017,20,1.2
5018,5,1.2
5019,0,1.2
5020,20,1.2
5021,5,1.2
5022,0,1.2
5023,20,1.2
5024,5,1.2
5025,0,1.2
5026,20,1.2
5027,5,1.2
5028,0,1.2
5029,20,1.2
5030,5,1.2
5031,0,1.2
5032,20,1.2
5033,5,1.2
5034,0,1.2
5035,20,1.2
5036,5,1.2
5037,0,1.2
5038,20,1.2
5039,5,1.2
5040,0,1.2
5041,20,1.2
5042,5,1.2
5043,0,1.2
5044,20,1.2
5045,5,1.2
5046,0,1.2
5047,20,1.2
5048,5,1.2
5049,0,1.2
5050,20,1.2
5051,5,1.2
5052,0,1.2
5053,20,1.2
5054,5,1.2
5055,0,1.2
5056,20,1.2
5057,5,1.2
5058,0,1.2
5059,20,1.2
5060,5,1.2
5061,0,1.2
5062,20,1.2
5063,5,1.2
5064,0,1.2
5065,20,1.2
5066,5,1.2
5067,0,1.2
5068,20,1.2
5069,5,1.2
5070,0,1.2
5071,20,1.2
5072,5,1.2
5073,0,1.2
5074,20,1.2
5075,5,1.2
5076,0,1.2
5077,20,1.2
5078,5,1.2
5079,0,1.2
5080,20,1.2
5081,5,1.2
5082,0,1.2
5083,20,1.2
5084,5,1.2
5085,0,1.2
5086,20,1.2
5087,5,1.2
5088,0,1.2
5089,20,1.2
5090,5,1.2
5091,0,1.2
5092,20,1.2
5093,5,1.2
5094,0,1.2
5095,20,1.2
5096,5,1.2
5097,0,1.2
5098,20,1.2
5099,5,1.2
5100,0,1.2
5101,20,1.2
5102,5,1.2
5103,0,1.2
5104,20,1.2
5105,5,1.2
5106,0,1.2
5107,20,1.2
5108,5,1.2
5109,0,1.2
5110,20,1.2
5111,5,1.2
5112,0,1.2
5113,20,1.2
5114,5,1.2
5115,0,1.2
5116,20,1.2
5117,5,1.2
5118,0,1.2
5119,20,1.2
5120,5,1.2
5121,0,1.2
5122,20,1.2
5123,5,1.2
5124,0,1.2
5125,20,1.2
5126,5,1.2
5127,0,1.2
5128,20,1.2
5129,5,1.2
5130,0,1.2
5131,20,1.2
5132,5,1.2
5133,0,1.2
5134,20,1.2
5135,5,1.2
5136,0,1.2
5137,20,1.2
5138,5,1.2
5139,0,1.2
5140,20,1.2
5141,5,1.2
5142,0,1.2
5143,20,1.2
5144,5,1.2
5145,0,1.2
5146,20,1.2
5147,5,1.2
5148,0,1.2
5149,20,1.2
5150,5,1.2
5151,0,1.2
5152,20,1.2
5153,5,1.2
5154,0,1.2
5155,20,1.2
5156,5,1.2
5157,0,1.2
5158,20,1.2
5159,5,1.2
5160,0,1.2
5161,20,1.2
5162,5,1.2
5163,0,1.2
5164,20,1.2
5165,5,1.2
5166,0,1.2
5167,20,1.2
5168,5,1.2
5169,0,1.2
5170,20,1.2
5171,5,1.2
5172,0,1.2
5173,20,1.2
5174,5,1.2
5175,0,1.2
5176,20,1.2
5177,5,1.2
5178,0,1.2
5179,20,1.2
5180,5,1.2
5181,0,1.2
5182,20,1.2
5183,5,1.2
5184,0,1.2
5185,20,1.2
5186,5,1.2
5187,0,1.2
5188,20,1.2
5189,5,1.2
5190,0,1.2
5191,20,1.2
5192,5,1.2
5193,0,1.2
5194,20,1.2
5195,5,1.2
5196,0,1.2
5197,20,1.2
5198,5,1.2
5199,0,1.2
5200,20,1.2
5201,5,1.2
5202,0,1.2
5203,20,1.2
5204,5,1.2
5205,0,1.2
5206,20,1.2
5207,5,1.2
5208,0,1.2
5209,20,1.2
5210,5,1.2
5211,0,1.2
5212,20,1.2
5213,5,1.2
5214,0,1.2
5215,20,1.2
5216,5,1.2
5217,0,1.2
5218,20,1.2
5219,5,1.2
5220,0,1.2
5221,20,1.2
5222,5,1.2
5223,0,1.2
5224,20,1.2
5225,5,1.2
5226,0,1.2
5227,20,1.2
5228,5,1.2
5229,0,1.2
5230,20,1.2
5231,5,1.2
5232,0,1.2
5233,20,1.2
5234,5,1.2
5235,0,1.2
5236,20,1.2
5237,5,1.2
5238,0,1.2
5239,20,1.2
5240,5,1.2
5241,0,1.2
5242,20,1.2
5243,5,1.2
5244,0,1.2
5245,20,1.2
5246,5,1.2
5247,0,1.2
5248,20,1.2
5249,5,1.2
5250,0,1.2
5251,20,1.2
5252,5,1.2
5253,0,1.2
5254,20,1.2
5255,5,1.2
5256,0,1.2
5257,20,1.2
5258,5,1.2
5259,0,1.2
5260,20,1.2
5261,5,1.2
5262,0,1.2
5263,20,1.2
5264,5,1.2
5265,0,1.2
5266,20,1.2
5267,5,1.2
5268,0,1.2
5269,20,1.2
5270,5,1.2
5271,0,1.2
5272,20,1.2
5273,5,1.2
5274,0,1.2
5275,20,1.2
5276,5,1.2
5277,0,1.2
5278,20,1.2
5279,5,1.2
5280,0,1.2
5281,20,1.2
5282,5,1.2
5283,0,1.2
5284,20,1.2
5285,5,1.2
5286,0,1.2
5287,20,1.2
5288,5,1.2
5289,0,1.2
5290,20,1.2
5291,5,1.2
5292,0,1.2
5293,20,1.2
5294,5,1.2
5295,0,1.2
5296,20,1.2
5297,5,1.2
5298,0,1.2
5299,20,1.2
5300,5,1.2
5301,0,1.2
5302,20,1.2
5303,5,1.2
5304,0,1.2
5305,20,1.2
5306,5,1.2
5307,0,1.2
5308,20,1.2
5309,5,1.2
5310,0,1.2
5311,20,1.2
5312,5,1.2
5313,0,1.2
5314,20,1.2
5315,5,1.2
5316,0,1.2
5317,20,1.2
5318,5,1.2
5319,0,1.2
5320,20,1.2
5321,5,1.2
5322,0,1.2
5323,20,1.2
5324,5,1.2
5325,0,1.2
5326,20,1.2
5327,5,1.2
5328,0,1.2
5329,20,1.2
5330,5,1.2
5331,0,1.2
5332,20,1.2
5333,5,1.2
5334,0,1.2
5335,20,1.2
5336,5,1.2
5337,0,1.2
5338,20,1.2
5339,5,1.2
5340,0,1.2
5341,20,1.2
5342,5,1.2
5343,0,1.2
5344,20,1.2
5345,5,1.2
5346,0,1.2
5347,20,1.2
5348,5,1.2
5349,0,1.2
5350,20,1.2
5351,5,1.2
5352,0,1.2
5353,20,1.2
5354,5,1.2
5355,0,1.2
5356,20,1.2
5357,5,1.2
5358,0,1.2
5359,20,1.2
5360,5,1.2
5361,0,1.2
5362,20,1.2
5363,5,1.2
5364,0,1.2
5365,20,1.2
5366,5,1.2
5367,0,1.2
5368,20,1.2
5369,5,1.2
5370,0,1.2
5371,20,1.2
5372,5,1.2
5373,0,1.2
5374,20,1.2
5375,5,1.2
5376,0,1.2
5377,20,1.2
5378,5,1.2
5379,0,1.2
5380,20,1.2
5381,5,1.2
5382,0,1.2
5383,20,1.2
5384,5,1.2
5385,0,1.2
5386,20,1.2
5387,5,1.2
5388,0,1.2
5389,20,1.2
5390,5,1.2
5391,0,1.2
5392,20,1.2
5393,5,1.2
5394,0,1.2
5395,20,1.2
5396,5,1.2
5397,0,1.2
5398,20,1.2
5399,5,1.2
5400,0,1.2
5401,20,1.2
5402,5,1.2
5403,0,1.2
5404,20,1.2
5405,5,1.2
5406,0,1.2
5407,20,1.2
5408,5,1.2
5409,0,1.2
5410,20,1.2
5411,5,1.2
5412,0,1.2
5413,20,1.2
5414,5,1.2
5415,0,1.2
5416,20,1.2
5417,5,1.2
5418,0,1.2
5419,20,1.2
5420,5,1.2
5421,0,1.2
5422,20,1.2
5423,5,1.2
5424,0,1.2
5425,20,1.2
5426,5,1.2
5427,0,1.2
5428,20,1.2
5429,5,1.2
5430,0,1.2
5431,20,1.2
5432,5,1.2
5433,0,1.2
5434,20,1.2
5435,5,1.2
5436,0,1.2
5437,20,1.2
5438,5,1.2
5439,0,1.2
5440,20,1.2
5441,5,1.2
5442,0,1.2
5443,20,1.2
5444,5,1.2
5445,0,1.2
5446,20,1.2
5447,5,1.2
5448,0,1.2
5449,20,1.2
5450,5,1.2
5451,0,1.2
5452,20,1.2
5453,5,1.2
5454,0,1.2
5455,20,1.2
5456,5,1.2
5457,0,1.2
5458,20,1.2
5459,5,1.2
5460,0,1.2
5461,20,1.2
5462,5,1.2
5463,0,1.2
5464,20,1.2
5465,5,1.2
5466,0,1.2
5467,20,1.2
5468,5,1.2
5469,0,1.2
5470,20,1.2
5471,5,1.2
5472,0,1.2
5473,20,1.2
5474,5,1.2
5475,0,1.2
5476,20,1.2
5477,5,1.2
5478,0,1.2
5479,20,1.2
5480,5,1.2
5481,0,1.2
5482,20,1.2
5483,5,1.2
5484,0,1.2
5485,20,1.2
5486,5,1.2
5487,0,1.2
5488,20,1.2
5489,5,1.2
5490,0,1.2
5491,20,1.2
5492,5,1.2
5493,0,1.2
5494,20,1.2
5495,5,1.2
5496,0,1.2
5497,20,1.2
5498,5,1.2
5499,0,1.2
5500,20,1.2
5501,5,1.2
5502,0,1.2
5503,20,1.2
5504,5,1.2
5505,0,1.2
5506,20,1.2
5507,5,1.2
5508,0,1.2
5509,20,1.2
5510,5,1.2
5511,0,1.2
5512,20,1.2
5513,5,1.2
5514,0,1.2
5515,20,1.2
5516,5,1.2
5517,0,1.2
5518,20,1.2
5519,5,1.2
5520,0,1.2
5521,20,1.2
5522,5,1.2
5523,0,1.2
5524,20,1.2
5525,5,1.2
5526,0,1.2
5527,20,1.2
5528,5,1.2
5529,0,1.2
5530,20,1.2
5531,5,1.2
5532,0,1.2
5533,20,1.2
5534,5,1.2
5535,0,1.2
5536,20,1.2
5537,5,1.2
5538,0,1.2
5539,20,1.2
5540,5,1.2
5541,0,1.2
5542,20,1.2
5543,5,1.2
5544,0,1.2
5545,20,1.2
5546,5,1.2
5547,0,1.2
5548,20,1.2
5549,5,1.2
5550,0,1.2
5551,20,1.2
5552,5,1.2
5553,0,1.2
5554,20,1.2
5555,5,1.2
5556,0,1.2
5557,20,1.2
5558,5,1.2
5559,0,1.2
5560,20,1.2
5561,5,1.2
5562,0,1.2
5563,20,1.2
5564,5,1.2
5565,0,1.2
5566,20,1.2
5567,5,1.2
5568,0,1.2
5569,20,1.2
5570,5,1.2
5571,0,1.2
5572,20,1.2
5573,5,1.2
5574,0,1.2
5575,20,1.2
5576,5,1.2
5577,0,1.2
5578,20,1.2
5579,5,1.2
5580,0,1.2
5581,20,1.2
5582,5,1.2
5583,0,1.2
5584,20,1.2
5585,5,1.2
5586,0,1.2
5587,20,1.2
5588,5,1.2
5589,0,1.2
5590,20,1.2
5591,5,1.2
5592,0,1.2
5593,20,1.2
5594,5,1.2
5595,0,1.2
5596,20,1.2
5597,5,1.2
5598,0,1.2
5599,20,1.2
5600,5,1.2
5601,0,1.2
5602,20,1.2
5603,5,1.2
5604,0,1.2
5605,20,1.2
5606,5,1.2
5607,0,1.2
5608,20,1.2
5609,5,1.2
5610,0,1.2
5611,20,1.2
5612,5,1.2
5613,0,1.2
5614,20,1.2
5615,5,1.2
5616,0,1.2
5617,20,1.2
5618,5,1.2
5619,0,1.2
5620,20,1.2
5621,5,1.2
5622,0,1.2
5623,20,1.2
5624,5,1.2
5625,0,1.2
5626,20,1.2
5627,5,1.2
5628,0,1.2
5629,20,1.2
5630,5,1.2
5631,0,1.2
5632,20,1.2
5633,5,1.2
5634,0,1.2
5635,20,1.2
5636,5,1.2
5637,0,1.2
5638,20,1.2
5639,5,1.2
5640,0,1.2
5641,20,1.2
5642,5,1.2
5643,0,1.2
5644,20,1.2
5645,5,1.2
5646,0,1.2
5647,20,1.2
5648,5,1.2
5649,0,1.2
5650,20,1.2
5651,5,1.2
5652,0,1.2
5653,20,1.2
5654,5,1.2
5655,0,1.2
5656,20,1.2
5657,5,1.2
5658,0,1.2
5659,20,1.2
5660,5,1.2
5661,0,1.2
5662,20,1.2
5663,5,1.2
5664,0,1.2
5665,20,1.2
5666,5,1.2
5667,0,1.2
5668,20,1.2
5669,5,1.2
5670,0,1.2
5671,20,1.2
5672,5,1.2
5673,0,1.2
5674,20,1.2
5675,5,1.2
5676,0,1.2
5677,20,1.2
5678,5,1.2
5679,0,1.2
5680,20,1.2
5681,5,1.2
5682,0,1.2
5683,20,1.2
5684,5,1.2
5685,0,1.2
5686,20,1.2
5687,5,1.2
5688,0,1.2
5689,20,1.2
5690,5,1.2
5691,0,1.2
5692,20,1.2
5693,5,1.2
5694,0,1.2
5695,20,1.2
5696,5,1.2
5697,0,1.2
5698,20,1.2
5699,5,1.2
5700,0,1.2
5701,20,1.2
5702,5,1.2
5703,0,1.2
5704,20,1.2
5705,5,1.2
5706,0,1.2
5707,20,1.2
5708,5,1.2
5709,0,1.2
5710,20,1.2
5711,5,1.2
5712,0,1.2
5713,20,1.2
5714,5,1.2
5715,0,1.2
5716,20,1.2
5717,5,1.2
5718,0,1.2
5719,20,1.2
5720,5,1.2
5721,0,1.2
5722,20,1.2
5723,5,1.2
5724,0,1.2
5725,20,1.2
5726,5,1.2
5727,0,1.2
5728,20,1.2
5729,5,1.2
5730,0,1.2
5731,20,1.2
5732,5,1.2
5733,0,1.2
5734,20,1.2
5735,5,1.2
5736,0,1.2
5737,20,1.2
5738,5,1.2
5739,0,1.2
5740,20,1.2
5741,5,1.2
5742,0,1.2
5743,20,1.2
5744,5,1.2
5745,0,1.2
5746,20,1.2
5747,5,1.2
5748,0,1.2
5749,20,1.2
5750,5,1.2
5751,0,1.2
5752,20,1.2
5753,5,1.2
5754,0,1.2
5755,20,1.2
5756,5,1.2
5757,0,1.2
5758,20,1.2
5759,5,1.2
5760,0,1.2
5761,20,1.2
5762,5,1.2
5763,0,1.2
5764,20,1.2
5765,5,1.2
5766,0,1.2
5767,20,1.2
5768,5,1.2
5769,0,1.2
5770,20,1.2
5771,5,1.2
5772,0,1.2
5773,20,1.2
5774,5,1.2
5775,0,1.2
5776,20,1.2
5777,5,1.2
5778,0,1.2
5779,20,1.2
5780,5,1.2
5781,0,1.2
5782,20,1.2
5783,5,1.2
5784,0,1.2
5785,20,1.2
5786,5,1.2
5787,0,1.2
5788,20,1.2
5789,5,1.2
5790,0,1.2
5791,20,1.2
5792,5,1.2
5793,0,1.2
5794,20,1.2
5795,5,1.2
5796,0,1.2
5797,20,1.2
5798,5,1.2
5799,0,1.2
5800,20,1.2
5801,5,1.2
5802,0,1.2
5803,20,1.2
5804,5,1.2
5805,0,1.2
5806,20,1.2
5807,5,1.2
5808,0,1.2
5809,20,1.2
5810,5,1.2
5811,0,1.2
5812,20,1.2
5813,5,1.2
5814,0,1.2
5815,20,1.2
5816,5,1.2
5817,0,1.2
5818,20,1.2
5819,5,1.2
5820,0,1.2
5821,20,1.2
5822,5,1.2
5823,0,1.2
5824,20,1.2
5825,5,1.2
5826,0,1.2
5827,20,1.2
5828,5,1.2
5829,0,1.2
5830,20,1.2
5831,5,1.2
5832,0,1.2
5833,20,1.2
5834,5,1.2
5835,0,1.2
5836,20,1.2
5837,5,1.2
5838,0,1.2
5839,20,1.2
5840,5,1.2
5841,0,1.2
5842,20,1.2
5843,5,1.2
5844,0,1.2
5845,20,1.2
5846,5,1.2
5847,0,1.2
5848,20,1.2
5849,5,1.2
5850,0,1.2
5851,20,1.2
5852,5,1.2
5853,0,1.2
5854,20,1.2
5855,5,1.2
5856,0,1.2
5857,20,1.2
5858,5,1.2
5859,0,1.2
5860,20,1.2
5861,5,1.2
5862,0,1.2
5863,20,1.2
5864,5,1.2
5865,0,1.2
5866,20,1.2
5867,5,1.2
5868,0,1.2
5869,20,1.2
5870,5,1.2
5871,0,1.2
5872,20,1.2
5873,5,1.2
5874,0,1.2
5875,20,1.2
5876,5,1.2
5877,0,1.2
5878,20,1.2
5879,5,1.2
5880,0,1.2
5881,20,1.2
5882,5,1.2
5883,0,1.2
5884,20,1.2
5885,5,1.2
5886,0,1.2
5887,20,1.2
5888,5,1.2
5889,0,1.2
5890,20,1.2
5891,5,1.2
5892,0,1.2
5893,20,1.2
5894,5,1.2
5895,0,1.2
5896,20,1.2
5897,5,1.2
5898,0,1.2
5899,20,1.2
5900,5,1.2
5901,0,1.2
5902,20,1.2
5903,5,1.2
5904,0,1.2
5905,20,1.2
5906,5,1.2
5907,0,1.2
5908,20,1.2
5909,5,1.2
5910,0,1.2
5911,20,1.2
5912,5,1.2
5913,0,1.2
5914,20,1.2
5915,5,1.2
5916,0,1.2
5917,20,1.2
5918,5,1.2
5919,0,1.2
5920,20,1.2
5921,5,1.2
5922,0,1.2
5923,20,1.2
5924,5,1.2
5925,0,1.2
5926,20,1.2
5927,5,1.2
5928,0,1.2
5929,20,1.2
5930,5,1.2
5931,0,1.2
5932,20,1.2
5933,5,1.2
5934,0,1.2
5935,20,1.2
5936,5,1.2
5937,0,1.2
5938,20,1.2
5939,5,1.2
5940,0,1.2
5941,20,1.2
5942,5,1.2
5943,0,1.2
5944,20,1.2
5945,5,1.2
5946,0,1.2
5947,20,1.2
5948,5,1.2
5949,0,1.2
5950,20,1.2
5951,5,1.2
5952,0,1.2
5953,20,1.2
5954,5,1.2
5955,0,1.2
5956,20,1.2
5957,5,1.2
5958,0,1.2
5959,20,1.2
5960,5,1.2
5961,0,1.2
5962,20,1.2
5963,5,1.2
5964,0,1.2
5965,20,1.2
5966,5,1.2
5967,0,1.2
5968,20,1.2
5969,5,1.2
5970,0,1.2
5971,20,1.2
5972,5,1.2
5973,0,1.2
5974,20,1.2
5975,5,1.2
5976,0,1.2
5977,20,1.2
5978,5,1.2
5979,0,1.2
5980,20,1.2
5981,5,1.2
5982,0,1.2
5983,20,1.2
5984,5,1.2
5985,0,1.2
5986,20,1.2
5987,5,1.2
5988,0,1.2
5989,20,1.2
5990,5,1.2
5991,0,1.2
5992,20,1.2
5993,5,1.2
5994,0,1.2
5995,20,1.2
5996,5,1.2
5997,0,1.2
5998,20,1.2
5999,5,1.2
6000,0,1.2
6001,20,1.2
6002,5,1.2
6003,0,1.2
6004,20,1.2
6005,5,1.2
6006,0,1.2
6007,20,1.2
6008,5,1.2
6009,0,1.2
6010,20,1.2
6011,5,1.2
6012,0,1.2
6013,20,1.2
6014,5,1.2
6015,0,1.2
6016,20,1.2
6017,5,1.2
6018,0,1.2
6019,20,1.2
6020,5,1.2
6021,0,1.2
6022,20,1.2
6023,5,1.2
6024,0,1.2
6025,20,1.2
6026,5,1.2
6027,0,1.2
6028,20,1.2
6029,5,1.2
6030,0,1.2
6031,20,1.2
6032,5,1.2
6033,0,1.2
6034,20,1.2
6035,5,1.2
6036,0,1.2
6037,20,1.2
6038,5,1.2
6039,0,1.2
6040,20,1.2
6041,5,1.2
6042,0,1.2
6043,20,1.2
6044,5,1.2
6045,0,1.2
6046,20,1.2
6047,5,1.2
6048,0,1.2
6049,20,1.2
6050,5,1.2
6051,0,1.2
6052,20,1.2
6053,5,1.2
6054,0,1.2
6055,20,1.2
6056,5,1.2
6057,0,1.2
6058,20,1.2
6059,5,1.2
6060,0,1.2
6061,20,1.2
6062,5,1.2
6063,0,1.2
6064,20,1.2
6065,5,1.2
6066,0,1.2
6067,20,1.2
6068,5,1.2
6069,0,1.2
6070,20,1.2
6071,5,1.2
6072,0,1.2
6073,20,1.2
6074,5,1.2
6075,0,1.2
6076,20,1.2
6077,5,1.2
6078,0,1.2
6079,20,1.2
6080,5,1.2
6081,0,1.2
6082,20,1.2
6083,5,1.2
6084,0,1.2
6085,20,1.2
6086,5,1.2
6087,0,1.2
6088,20,1.2
6089,5,1.2
6090,0,1.2
6091,20,1.2
6092,5,1.2
6093,0,1.2
6094,20,1.2
6095,5,1.2
6096,0,1.2
6097,20,1.2
6098,5,1.2
6099,0,1.2
6100,20,1.2
6101,5,1.2
6102,0,1.2
6103,20,1.2
6104,5,1.2
6105,0,1.2
6106,20,1.2
6107,5,1.2
6108,0,1.2
6109,20,1.2
6110,5,1.2
6111,0,1.2
6112,20,1.2
6113,5,1.2
6114,0,1.2
6115,20,1.2
6116,5,1.2
6117,0,1.2
6118,20,1.2
6119,5,1.2
6120,0,1.2
6121,20,1.2
6122,5,1.2
6123,0,1.2
6124,20,1.2
6125,5,1.2
6126,0,1.2
6127,20,1.2
6128,5,1.2
6129,0,1.2
6130,20,1.2
6131,5,1.2
6132,0,1.2
6133,20,1.2
6134,5,1.2
6135,0,1.2
6136,20,1.2
6137,5,1.2
6138,0,1.2
6139,20,1.2
6140,5,1.2
6141,0,1.2
6142,20,1.2
6143,5,1.2
6144,0,1.2
6145,20,1.2
6146,5,1.2
6147,0,1.2
6148,20,1.2
6149,5,1.2
6150,0,1.2
6151,20,1.2
6152,5,1.2
6153,0,1.2
6154,20,1.2
6155,5,1.2
6156,0,1.2
6157,20,1.2
6158,5,1.2
6159,0,1.2
6160,20,1.2
6161,5,1.2
6162,0,1.2
6163,20,1.2
6164,5,1.2
6165,0,1.2
6166,20,1.2
6167,5,1.2
6168,0,1.2
6169,20,1.2
6170,5,1.2
6171,0,1.2
6172,20,1.2
6173,5,1.2
6174,0,1.2
6175,20,1.2
6176,5,1.2
6177,0,1.2
6178,20,1.2
6179,5,1.2
6180,0,1.2
6181,20,1.2
6182,5,1.2
6183,0,1.2
6184,20,1.2
6185,5,1.2
6186,0,1.2
6187,20,1.2
6188,5,1.2
6189,0,1.2
6190,20,1.2
6191,5,1.2
6192,0,1.2
6193,20,1.2
6194,5,1.2
6195,0,1.2
6196,20,1.2
6197,5,1.2
6198,0,1.2
6199,20,1.2
6200,5,1.2
6201,0,1.2
6202,20,1.2
6203,5,1.2
6204,0,1.2
6205,20,1.2
6206,5,1.2
6207,0,1.2
6208,20,1.2
6209,5,1.2
6210,0,1.2
6211,20,1.2
6212,5,1.2
6213,0,1.2
6214,20,1.2
6215,5,1.2
6216,0,1.2
6217,20,1.2
6218,5,1.2
6219,0,1.2
6220,20,1.2
6221,5,1.2
6222,0,1.2
6223,20,1.2
6224,5,1.2
6225,0,1.2
6226,20,1.2
6227,5,1.2
6228,0,1.2
6229,20,1.2
6230,5,1.2
6231,0,1.2
6232,20,1.2
6233,5,1.2
6234,0,1.2
6235,20,1.2
6236,5,1.2
6237,0,1.2
6238,20,1.2
6239,5,1.2
6240,0,1.2
6241,20,1.2
6242,5,1.2
6243,0,1.2
6244,20,1.2
6245,5,1.2
6246,0,1.2
6247,20,1.2
6248,5,1.2
6249,0,1.2
6250,20,1.2
6251,5,1.2
6252,0,1.2
6253,20,1.2
6254,5,1.2
6255,0,1.2
6256,20,1.2
6257,5,1.2
6258,0,1.2
6259,20,1.2
6260,5,1.2
6261,0,1.2
6262,20,1.2
6263,5,1.2
6264,0,1.2
6265,20,1.2
6266,5,1.2
6267,0,1.2
6268,20,1.2
6269,5,1.2
6270,0,1.2
6271,20,1.2
6272,5,1.2
6273,0,1.2
6274,20,1.2
6275,5,1.2
6276,0,1.2
6277,20,1.2
6278,5,1.2
6279,0,1.2
6280,20,1.2
6281,5,1.2
6282,0,1.2
6283,20,1.2
6284,5,1.2
6285,0,1.2
6286,20,1.2
6287,5,1.2
6288,0,1.2
6289,20,1.2
6290,5,1.2
6291,0,1.2
6292,20,1.2
6293,5,1.2
6294,0,1.2
6295,20,1.2
6296,5,1.2
6297,0,1.2
6298,20,1.2
6299,5,1.2
6300,0,1.2
6301,20,1.2
6302,5,1.2
6303,0,1.2
6304,20,1.2
6305,5,1.2
6306,0,1.2
6307,20,1.2
6308,5,1.2
6309,0,1.2
6310,20,1.2
6311,5,1.2
6312,0,1.2
6313,20,1.2
6314,5,1.2
6315,0,1.2
6316,20,1.2
6317,5,1.2
6318,0,1.2
6319,20,1.2
6320,5,1.2
6321,0,1.2
6322,20,1.2
6323,5,1.2
6324,0,1.2
6325,20,1.2
6326,5,1.2
6327,0,1.2
6328,20,1.2
6329,5,1.2
6330,0,1.2
6331,20,1.2
6332,5,1.2
6333,0,1.2
6334,20,1.2
6335,5,1.2
6336,0,1.2
6337,20,1.2
6338,5,1.2
6339,0,1.2
6340,20,1.2
6341,5,1.2
6342,0,1.2
6343,20,1.2
6344,5,1.2
6345,0,1.2
6346,20,1.2
6347,5,1.2
6348,0,1.2
6349,20,1.2
6350,5,1.2
6351,0,1.2
6352,20,1.2
6353,5,1.2
6354,0,1.2
6355,20,1.2
6356,5,1.2
6357,0,1.2
6358,20,1.2
6359,5,1.2
6360,0,1.2
6361,20,1.2
6362,5,1.2
6363,0,1.2
6364,20,1.2
6365,5,1.2
6366,0,1.2
6367,20,1.2
6368,5,1.2
6369,0,1.2
6370,20,1.2
6371,5,1.2
6372,0,1.2
6373,20,1.2
6374,5,1.2
6375,0,1.2
6376,20,1.2
6377,5,1.2
6378,0,1.2
6379,20,1.2
6380,5,1.2
6381,0,1.2
6382,20,1.2
6383,5,1.2
6384,0,1.2
6385,20,1.2
6386,5,1.2
6387,0,1.2
6388,20,1.2
6389,5,1.2
6390,0,1.2
6391,20,1.2
6392,5,1.2
6393,0,1.2
6394,20,1.2
6395,5,1.2
6396,0,1.2
6397,20,1.2
6398,5,1.2
6399,0,1.2
6400,20,1.2
6401,5,1.2
6402,0,1.2
6403,20,1.2
6404,5,1.2
6405,0,1.2
6406,20,1.2
6407,5,1.2
6408,0,1.2
6409,20,1.2
6410,5,1.2
6411,0,1.2
6412,20,1.2
6413,5,1.2
6414,0,1.2
6415,20,1.2
6416,5,1.2
6417,0,1.2
6418,20,1.2
6419,5,1.2
6420,0,1.2
6421,20,1.2
6422,5,1.2
6423,0,1.2
6424,20,1.2
6425,5,1.2
6426,0,1.2
6427,20,1.2
6428,5,1.2
6429,0,1.2
6430,20,1.2
6431,5,1.2
6432,0,1.2
6433,20,1.2
6434,5,1.2
6435,0,1.2
6436,20,1.2
6437,5,1.2
6438,0,1.2
6439,20,1.2
6440,5,1.2
6441,0,1.2
6442,20,1.2
6443,5,1.2
6444,0,1.2
6445,20,1.2
6446,5,1.2
6447,0,1.2
6448,20,1.2
6449,5,1.2
6450,0,1.2
6451,20,1.2
6452,5,1.2
6453,0,1.2
6454,20,1.2
6455,5,1.2
6456,0,1.2
6457,20,1.2
6458,5,1.2
6459,0,1.2
6460,20,1.2
6461,5,1.2
6462,0,1.2
6463,20,1.2
6464,5,1.2
6465,0,1.2
6466,20,1.2
6467,5,1.2
6468,0,1.2
6469,20,1.2
6470,5,1.2
6471,0,1.2
6472,20,1.2
6473,5,1.2
6474,0,1.2
6475,20,1.2
6476,5,1.2
6477,0,1.2
6478,20,1.2
6479,5,1.2
6480,0,1.2
6481,20,1.2
6482,5,1.2
6483,0,1.2
6484,20,1.2
6485,5,1.2
6486,0,1.2
6487,20,1.2
6488,5,1.2
6489,0,1.2
6490,20,1.2
6491,5,1.2
6492,0,1.2
6493,20,1.2
6494,5,1.2
6495,0,1.2
6496,20,1.2
6497,5,1.2
6498,0,1.2
6499,20,1.2
6500,5,1.2
6501,0,1.2
6502,20,1.2
6503,5,1.2
6504,0,1.2
6505,20,1.2
6506,5,1.2
6507,0,1.2
6508,20,1.2
6509,5,1.2
6510,0,1.2
6511,20,1.2
6512,5,1.2
6513,0,1.2
6514,20,1.2
6515,5,1.2
6516,0,1.2
6517,20,1.2
6518,5,1.2
6519,0,1.2
6520,20,1.2
6521,5,1.2
6522,0,1.2
6523,20,1.2
6524,5,1.2
6525,0,1.2
6526,20,1.2
6527,5,1.2
6528,0,1.2
6529,20,1.2
6530,5,1.2
6531,0,1.2
6532,20,1.2
6533,5,1.2
6534,0,1.2
6535,20,1.2
6536,5,1.2
6537,0,1.2
6538,20,1.2
6539,5,1.2
6540,0,1.2
6541,20,1.2
6542,5,1.2
6543,0,1.2
6544,20,1.2
6545,5,1.2
6546,0,1.2
6547,20,1.2
6548,5,1.2
6549,0,1.2
6550,20,1.2
6551,5,1.2
6552,0,1.2
6553,20,1.2
6554,5,1.2
6555,0,1.2
6556,20,1.2
6557,5,1.2
6558,0,1.2
6559,20,1.2
6560,5,1.2
6561,0,1.2
6562,20,1.2
6563,5,1.2
6564,0,1.2
6565,20,1.2
6566,5,1.2
6567,0,1.2
6568,20,1.2
6569,5,1.2
6570,0,1.2
6571,20,1.2
6572,5,1.2
6573,0,1.2
6574,20,1.2
6575,5,1.2
6576,0,1.2
6577,20,1.2
6578,5,1.2
6579,0,1.2
6580,20,1.2
6581,5,1.2
6582,0,1.2
6583,20,1.2
6584,5,1.2
6585,0,1.2
6586,20,1.2
6587,5,1.2
6588,0,1.2
6589,20,1.2
6590,5,1.2
6591,0,1.2
6592,20,1.2
6593,5,1.2
6594,0,1.2
6595,20,1.2
6596,5,1.2
6597,0,1.2
6598,20,1.2
6599,5,1.2
6600,0,1.2
6601,20,1.2
6602,5,1.2
6603,0,1.2
6604,20,1.2
6605,5,1.2
6606,0,1.2
6607,20,1.2
6608,5,1.2
6609,0,1.2
6610,20,1.2
6611,5,1.2
6612,0,1.2
6613,20,1.2
6614,5,1.2
6615,0,1.2
6616,20,1.2
6617,5,1.2
6618,0,1.2
6619,20,1.2
6620,5,1.2
6621,0,1.2
6622,20,1.2
6623,5,1.2
6624,0,1.2
6625,20,1.2
6626,5,1.2
6627,0,1.2
6628,20,1.2
6629,5,1.2
6630,0,1.2
6631,20,1.2
6632,5,1.2
6633,0,1.2
6634,20,1.2
6635,5,1.2
6636,0,1.2
6637,20,1.2
6638,5,1.2
6639,0,1.2
6640,20,1.2
6641,5,1.2
6642,0,1.2
6643,20,1.2
6644,5,1.2
6645,0,1.2
6646,20,1.2
6647,5,1.2
6648,0,1.2
6649,20,1.2
6650,5,1.2
6651,0,1.2
6652,20,1.2
6653,5,1.2
6654,0,1.2
6655,20,1.2
6656,5,1.2
6657,0,1.2
6658,20,1.2
6659,5,1.2
6660,0,1.2
6661,20,1.2
6662,5,1.2
6663,0,1.2
6664,20,1.2
6665,5,1.2
6666,0,1.2
6667,20,1.2
6668,5,1.2
6669,0,1.2
6670,20,1.2
6671,5,1.2
6672,0,1.2
6673,20,1.2
6674,5,1.2
6675,0,1.2
6676,20,1.2
6677,5,1.2
6678,0,1.2
6679,20,1.2
6680,5,1.2
6681,0,1.2
6682,20,1.2
6683,5,1.2
6684,0,1.2
6685,20,1.2
6686,5,1.2
6687,0,1.2
6688,20,1.2
6689,5,1.2
6690,0,1.2
6691,20,1.2
6692,5,1.2
6693,0,1.2
6694,20,1.2
6695,5,1.2
6696,0,1.2
6697,20,1.2
6698,5,1.2
6699,0,1.2
6700,20,1.2
6701,5,1.2
6702,0,1.2
6703,20,1.2
6704,5,1.2
6705,0,1.2
6706,20,1.2
6707,5,1.2
6708,0,1.2
6709,20,1.2
6710,5,1.2
6711,0,1.2
6712,20,1.2
6713,5,1.2
6714,0,1.2
6715,20,1.2
6716,5,1.2
6717,0,1.2
6718,20,1.2
6719,5,1.2
6720,0,1.2
6721,20,1.2
6722,5,1.2
6723,0,1.2
6724,20,1.2
6725,5,1.2
6726,0,1.2
6727,20,1.2
6728,5,1.2
6729,0,1.2
6730,20,1.2
6731,5,1.2
6732,0,1.2
6733,20,1.2
6734,5,1.2
6735,0,1.2
6736,20,1.2
6737,5,1.2
6738,0,1.2
6739,20,1.2
6740,5,1.2
6741,0,1.2
6742,20,1.2
6743,5,1.2
6744,0,1.2
6745,20,1.2
6746,5,1.2
6747,0,1.2
6748,20,1.2
6749,5,1.2
6750,0,1.2
6751,20,1.2
6752,5,1.2
6753,0,1.2
6754,20,1.2
6755,5,1.2
6756,0,1.2
6757,20,1.2
6758,5,1.2
6759,0,1.2
6760,20,1.2
6761,5,1.2
6762,0,1.2
6763,20,1.2
6764,5,1.2
6765,0,1.2
6766,20,1.2
6767,5,1.2
6768,0,1.2
6769,20,1.2
6770,5,1.2
6771,0,1.2
6772,20,1.2
6773,5,1.2
6774,0,1.2
6775,20,1.2
6776,5,1.2
6777,0,1.2
6778,20,1.2
6779,5,1.2
6780,0,1.2
6781,20,1.2
6782,5,1.2
6783,0,1.2
6784,20,1.2
6785,5,1.2
6786,0,1.2
6787,20,1.2
6788,5,1.2
6789,0,1.2
6790,20,1.2
6791,5,1.2
6792,0,1.2
6793,20,1.2
6794,5,1.2
6795,0,1.2
6796,20,1.2
6797,5,1.2
6798,0,1.2
6799,20,1.2
6800,5,1.2
6801,0,1.2
6802,20,1.2
6803,5,1.2
6804,0,1.2
6805,20,1.2
6806,5,1.2
6807,0,1.2
6808,20,1.2
6809,5,1.2
6810,0,1.2
6811,20,1.2
6812,5,1.2
6813,0,1.2
6814,20,1.2
6815,5,1.2
6816,0,1.2
6817,20,1.2
6818,5,1.2
6819,0,1.2
6820,20,1.2
6821,5,1.2
6822,0,1.2
6823,20,1.2
6824,5,1.2
6825,0,1.2
6826,20,1.2
6827,5,1.2
6828,0,1.2
6829,20,1.2
6830,5,1.2
6831,0,1.2
6832,20,1.2
6833,5,1.2
6834,0,1.2
6835,20,1.2
6836,5,1.2
6837,0,1.2
6838,20,1.2
6839,5,1.2
6840,0,1.2
6841,20,1.2
6842,5,1.2
6843,0,1.2
6844,20,1.2
6845,5,1.2
6846,0,1.2
6847,20,1.2
6848,5,1.2
6849,0,1.2
6850,20,1.2
6851,5,1.2
6852,0,1.2
6853,20,1.2
6854,5,1.2
6855,0,1.2
6856,20,1.2
6857,5,1.2
6858,0,1.2
6859,20,1.2
6860,5,1.2
6861,0,1.2
6862,20,1.2
6863,5,1.2
6864,0,1.2
6865,20,1.2
6866,5,1.2
6867,0,1.2
6868,20,1.2
6869,5,1.2
6870,0,1.2
6871,20,1.2
6872,5,1.2
6873,0,1.2
6874,20,1.2
6875,5,1.2
6876,0,1.2
6877,20,1.2
6878,5,1.2
6879,0,1.2
6880,20,1.2
6881,5,1.2
6882,0,1.2
6883,20,1.2
6884,5,1.2
6885,0,1.2
6886,20,1.2
6887,5,1.2
6888,0,1.2
6889,20,1.2
6890,5,1.2
6891,0,1.2
6892,20,1.2
6893,5,1.2
6894,0,1.2
6895,20,1.2
6896,5,1.2
6897,0,1.2
6898,20,1.2
6899,5,1.2
6900,0,1.2
6901,20,1.2
6902,5,1.2
6903,0,1.2
6904,20,1.2
6905,5,1.2
6906,0,1.2
6907,20,1.2
6908,5,1.2
6909,0,1.2
6910,20,1.2
6911,5,1.2
6912,0,1.2
6913,20,1.2
6914,5,1.2
6915,0,1.2
6916,20,1.2
6917,5,1.2
6918,0,1.2
6919,20,1.2
6920,5,1.2
6921,0,1.2
6922,20,1.2
6923,5,1.2
6924,0,1.2
6925,20,1.2
6926,5,1.2
6927,0,1.2
6928,20,1.2
6929,5,1.2
6930,0,1.2
6931,20,1.2
6932,5,1.2
6933,0,1.2
6934,20,1.2
6935,5,1.2
6936,0,1.2
6937,20,1.2
6938,5,1.2
6939,0,1.2
6940,20,1.2
6941,5,1.2
6942,0,1.2
6943,20,1.2
6944,5,1.2
6945,0,1.2
6946,20,1.2
6947,5,1.2
6948,0,1.2
6949,20,1.2
6950,5,1.2
6951,0,1.2
6952,20,1.2
6953,5,1.2
6954,0,1.2
6955,20,1.2
6956,5,1.2
6957,0,1.2
6958,20,1.2
6959,5,1.2
6960,0,1.2
6961,20,1.2
6962,5,1.2
6963,0,1.2
6964,20,1.2
6965,5,1.2
6966,0,1.2
6967,20,1.2
6968,5,1.2
6969,0,1.2
6970,20,1.2
6971,5,1.2
6972,0,1.2
6973,20,1.2
6974,5,1.2
6975,0,1.2
6976,20,1.2
6977,5,1.2
6978,0,1.2
6979,20,1.2
6980,5,1.2
6981,0,1.2
6982,20,1.2
6983,5,1.2
6984,0,1.2
6985,20,1.2
6986,5,1.2
6987,0,1.2
6988,20,1.2
6989,5,1.2
6990,0,1.2
6991,20,1.2
6992,5,1.2
6993,0,1.2
6994,20,1.2
6995,5,1.2
6996,0,1.2
6997,20,1.2
6998,5,1.2
6999,0,1.2
7000,20,1.2
7001,5,1.2
7002,0,1.2
7003,20,1.2
7004,5,1.2
7005,0,1.2
7006,20,1.2
7007,5,1.2
7008,0,1.2
7009,20,1.2
7010,5,1.2
7011,0,1.2
7012,20,1.2
7013,5,1.2
7014,0,1.2
7015,20,1.2
7016,5,1.2
7017,0,1.2
7018,20,1.2
7019,5,1.2
7020,0,1.2
7021,20,1.2
7022,5,1.2
7023,0,1.2
7024,20,1.2
7025,5,1.2
7026,0,1.2
7027,20,1.2
7028,5,1.2
7029,0,1.2
7030,20,1.2
7031,5,1.2
7032,0,1.2
7033,20,1.2
7034,5,1.2
7035,0,1.2
7036,20,1.2
7037,5,1.2
7038,0,1.2
7039,20,1.2
7040,5,1.2
7041,0,1.2
7042,20,1.2
7043,5,1.2
7044,0,1.2
7045,20,1.2
7046,5,1.2
7047,0,1.2
7048,20,1.2
7049,5,1.2
7050,0,1.2
7051,20,1.2
7052,5,1.2
7053,0,1.2
7054,20,1.2
7055,5,1.2
7056,0,1.2
7057,20,1.2
7058,5,1.2
7059,0,1.2
7060,20,1.2
7061,5,1.2
7062,0,1.2
7063,20,1.2
7064,5,1.2
7065,0,1.2
7066,20,1.2
7067,5,1.2
7068,0,1.2
7069,20,1.2
7070,5,1.2
7071,0,1.2
7072,20,1.2
7073,5,1.2
7074,0,1.2
7075,20,1.2
7076,5,1.2
7077,0,1.2
7078,20,1.2
7079,5,1.2
7080,0,1.2
7081,20,1.2
7082,5,1.2
7083,0,1.2
7084,20,1.2
7085,5,1.2
7086,0,1.2
7087,20,1.2
7088,5,1.2
7089,0,1.2
7090,20,1.2
7091,5,1.2
7092,0,1.2
7093,20,1.2
7094,5,1.2
7095,0,1.2
7096,20,1.2
7097,5,1.2
7098,0,1.2
7099,20,1.2
7100,5,1.2
7101,0,1.2
7102,20,1.2
7103,5,1.2
7104,0,1.2
7105,20,1.2
7106,5,1.2
7107,0,1.2
7108,20,1.2
7109,5,1.2
7110,0,1.2
7111,20,1.2
7112,5,1.2
7113,0,1.2
7114,20,1.2
7115,5,1.2
7116,0,1.2
7117,20,1.2
7118,5,1.2
7119,0,1.2
7120,20,1.2
7121,5,1.2
7122,0,1.2
7123,20,1.2
7124,5,1.2
7125,0,1.2
7126,20,1.2
7127,5,1.2
7128,0,1.2
7129,20,1.2
7130,5,1.2
7131,0,1.2
7132,20,1.2
7133,5,1.2
7134,0,1.2
7135,20,1.2
7136,5,1.2
7137,0,1.2
7138,20,1.2
7139,5,1.2
7140,0,1.2
7141,20,1.2
7142,5,1.2
7143,0,1.2
7144,20,1.2
7145,5,1.2
7146,0,1.2
7147,20,1.2
7148,5,1.2
7149,0,1.2
7150,20,1.2
7151,5,1.2
7152,0,1.2
7153,20,1.2
7154,5,1.2
7155,0,1.2
7156,20,1.2
7157,5,1.2
7158,0,1.2
7159,20,1.2
7160,5,1.2
7161,0,1.2
7162,20,1.2
7163,5,1.2
7164,0,1.2
7165,20,1.2
7166,5,1.2
7167,0,1.2
7168,20,1.2
7169,5,1.2
7170,0,1.2
7171,20,1.2
7172,5,1.2
7173,0,1.2
7174,20,1.2
7175,5,1.2
7176,0,1.2
7177,20,1.2
7178,5,1.2
7179,0,1.2
7180,20,1.2
7181,5,1.2
7182,0,1.2
7183,20,1.2
7184,5,1.2
7185,0,1.2
7186,20,1.2
7187,5,1.2
7188,0,1.2
7189,20,1.2
7190,5,1.2
7191,0,1.2
7192,20,1.2
7193,5,1.2
7194,0,1.2
7195,20,1.2
7196,5,1.2
7197,0,1.2
7198,20,1.2
7199,5,1.2
7200,0,1.2
7201,20,1.2
7202,5,1.2
7203,0,1.2
7204,20,1.2
7205,5,1.2
7206,0,1.2
7207,20,1.2
7208,5,1.2
7209,0,1.2
7210,20,1.2
7211,5,1.2
7212,0,1.2
7213,20,1.2
7214,5,1.2
7215,0,1.2
7216,20,1.2
7217,5,1.2
7218,0,1.2
7219,20,1.2
7220,5,1.2
7221,0,1.2
7222,20,1.2
7223,5,1.2
7224,0,1.2
7225,20,1.2
7226,5,1.2
7227,0,1.2
7228,20,1.2
7229,5,1.2
7230,0,1.2
7231,20,1.2
7232,5,1.2
7233,0,1.2
7234,20,1.2
7235,5,1.2
7236,0,1.2
7237,20,1.2
7238,5,1.2
7239,0,1.2
7240,20,1.2
7241,5,1.2
7242,0,1.2
7243,20,1.2
7244,5,1.2
7245,0,1.2
7246,20,1.2
7247,5,1.2
7248,0,1.2
7249,20,1.2
7250,5,1.2
7251,0,1.2
7252,20,1.2
7253,5,1.2
7254,0,1.2
7255,20,1.2
7256,5,1.2
7257,0,1.2
7258,20,1.2
7259,5,1.2
7260,0,1.2
7261,20,1.2
7262,5,1.2
7263,0,1.2
7264,20,1.2
7265,5,1.2
7266,0,1.2
7267,20,1.2
7268,5,1.2
7269,0,1.2
7270,20,1.2
7271,5,1.2
7272,0,1.2
7273,20,1.2
7274,5,1.2
7275,0,1.2
7276,20,1.2
7277,5,1.2
7278,0,1.2
7279,20,1.2
7280,5,1.2
7281,0,1.2
7282,20,1.2
7283,5,1.2
7284,0,1.2
7285,20,1.2
7286,5,1.2
7287,0,1.2
7288,20,1.2
7289,5,1.2
7290,0,1.2
7291,20,1.2
7292,5,1.2
7293,0,1.2
7294,20,1.2
7295,5,1.2
7296,0,1.2
7297,20,1.2
7298,5,1.2
7299,0,1.2
7300,20,1.2
7301,5,1.2
7302,0,1.2
7303,20,1.2
7304,5,1.2
7305,0,1.2
7306,20,1.2
7307,5,1.2
7308,0,1.2
7309,20,1.2
7310,5,1.2
7311,0,1.2
7312,20,1.2
7313,5,1.2
7314,0,1.2
7315,20,1.2
7316,5,1.2
7317,0,1.2
7318,20,1.2
7319,5,1.2
7320,0,1.2
7321,20,1.2
7322,5,1.2
7323,0,1.2
7324,20,1.2
7325,5,1.2
7326,0,1.2
7327,20,1.2
7328,5,1.2
7329,0,1.2
7330,20,1.2
7331,5,1.2
7332,0,1.2
7333,20,1.2
7334,5,1.2
7335,0,1.2
7336,20,1.2
7337,5,1.2
7338,0,1.2
7339,20,1.2
7340,5,1.2
7341,0,1.2
7342,20,1.2
7343,5,1.2
7344,0,1.2
7345,20,1.2
7346,5,1.2
7347,0,1.2
7348,20,1.2
7349,5,1.2
7350,0,1.2
7351,20,1.2
7352,5,1.2
7353,0,1.2
7354,20,1.2
7355,5,1.2
7356,0,1.2
7357,20,1.2
7358,5,1.2
7359,0,1.2
7360,20,1.2
7361,5,1.2
7362,0,1.2
7363,20,1.2
7364,5,1.2
7365,0,1.2
7366,20,1.2
7367,5,1.2
7368,0,1.2
7369,20,1.2
7370,5,1.2
7371,0,1.2
7372,20,1.2
7373,5,1.2
7374,0,1.2
7375,20,1.2
7376,5,1.2
7377,0,1.2
7378,20,1.2
7379,5,1.2
7380,0,1.2
7381,20,1.2
7382,5,1.2
7383,0,1.2
7384,20,1.2
7385,5,1.2
7386,0,1.2
7387,20,1.2
7388,5,1.2
7389,0,1.2
7390,20,1.2
7391,5,1.2
7392,0,1.2
7393,20,1.2
7394,5,1.2
7395,0,1.2
7396,20,1.2
7397,5,1.2
7398,0,1.2
7399,20,1.2
7400,5,1.2
7401,0,1.2
7402,20,1.2
7403,5,1.2
7404,0,1.2
7405,20,1.2
7406,5,1.2
7407,0,1.2
7408,20,1.2
7409,5,1.2
7410,0,1.2
7411,20,1.2
7412,5,1.2
7413,0,1.2
7414,20,1.2
7415,5,1.2
7416,0,1.2
7417,20,1.2
7418,5,1.2
7419,0,1.2
7420,20,1.2
7421,5,1.2
7422,0,1.2
7423,20,1.2
7424,5,1.2
7425,0,1.2
7426,20,1.2
7427,5,1.2
7428,0,1.2
7429,20,1.2
7430,5,1.2
7431,0,1.2
7432,20,1.2
7433,5,1.2
7434,0,1.2
7435,20,1.2
7436,5,1.2
7437,0,1.2
7438,20,1.2
7439,5,1.2
7440,0,1.2
7441,20,1.2
7442,5,1.2
7443,0,1.2
7444,20,1.2
7445,5,1.2
7446,0,1.2
7447,20,1.2
7448,5,1.2
7449,0,1.2
7450,20,1.2
7451,5,1.2
7452,0,1.2
7453,20,1.2
7454,5,1.2
7455,0,1.2
7456,20,1.2
7457,5,1.2
7458,0,1.2
7459,20,1.2
7460,5,1.2
7461,0,1.2
7462,20,1.2
7463,5,1.2
7464,0,1.2
7465,20,1.2
7466,5,1.2
7467,0,1.2
7468,20,1.2
7469,5,1.2
7470,0,1.2
7471,20,1.2
7472,5,1.2
7473,0,1.2
7474,20,1.2
7475,5,1.2
7476,0,1.2
7477,20,1.2
7478,5,1.2
7479,0,1.2
7480,20,1.2
7481,5,1.2
7482,0,1.2
7483,20,1.2
7484,5,1.2
7485,0,1.2
7486,20,1.2
7487,5,1.2
7488,0,1.2
7489,20,1.2
7490,5,1.2
7491,0,1.2
7492,20,1.2
7493,5,1.2
7494,0,1.2
7495,20,1.2
7496,5,1.2
7497,0,1.2
7498,20,1.2
7499,5,1.2
7500,0,1.2
7501,20,1.2
7502,5,1.2
7503,0,1.2
7504,20,1.2
7505,5,1.2
7506,0,1.2
7507,20,1.2
7508,5,1.2
7509,0,1.2
7510,20,1.2
7511,5,1.2
7512,0,1.2
7513,20,1.2
7514,5,1.2
7515,0,1.2
7516,20,1.2
7517,5,1.2
7518,0,1.2
7519,20,1.2
7520,5,1.2
7521,0,1.2
7522,20,1.2
7523,5,1.2
7524,0,1.2
7525,20,1.2
7526,5,1.2
7527,0,1.2
7528,20,1.2
7529,5,1.2
7530,0,1.2
7531,20,1.2
7532,5,1.2
7533,0,1.2
7534,20,1.2
7535,5,1.2
7536,0,1.2
7537,20,1.2
7538,5,1.2
7539,0,1.2
7540,20,1.2
7541,5,1.2
7542,0,1.2
7543,20,1.2
7544,5,1.2
7545,0,1.2
7546,20,1.2
7547,5,1.2
7548,0,1.2
7549,20,1.2
7550,5,1.2
7551,0,1.2
7552,20,1.2
7553,5,1.2
7554,0,1.2
7555,20,1.2
7556,5,1.2
7557,0,1.2
7558,20,1.2
7559,5,1.2
7560,0,1.2
7561,20,1.2
7562,5,1.2
7563,0,1.2
7564,20,1.2
7565,5,1.2
7566,0,1.2
7567,20,1.2
7568,5,1.2
7569,0,1.2
7570,20,1.2
7571,5,1.2
7572,0,1.2
7573,20,1.2
7574,5,1.2
7575,0,1.2
7576,20,1.2
7577,5,1.2
7578,0,1.2
7579,20,1.2
7580,5,1.2
7581,0,1.2
7582,20,1.2
7583,5,1.2
7584,0,1.2
7585,20,1.2
7586,5,1.2
7587,0,1.2
7588,20,1.2
7589,5,1.2
7590,0,1.2
7591,20,1.2
7592,5,1.2
7593,0,1.2
7594,20,1.2
7595,5,1.2
7596,0,1.2
7597,20,1.2
7598,5,1.2
7599,0,1.2
7600,20,1.2
7601,5,1.2
7602,0,1.2
7603,20,1.2
7604,5,1.2
7605,0,1.2
7606,20,1.2
7607,5,1.2
7608,0,1.2
7609,20,1.2
7610,5,1.2
7611,0,1.2
7612,20,1.2
7613,5,1.2
7614,0,1.2
7615,20,1.2
7616,5,1.2
7617,0,1.2
7618,20,1.2
7619,5,1.2
7620,0,1.2
7621,20,1.2
7622,5,1.2
7623,0,1.2
7624,20,1.2
7625,5,1.2
7626,0,1.2
7627,20,1.2
7628,5,1.2
7629,0,1.2
7630,20,1.2
7631,5,1.2
7632,0,1.2
7633,20,1.2
7634,5,1.2
7635,0,1.2
7636,20,1.2
7637,5,1.2
7638,0,1.2
7639,20,1.2
7640,5,1.2
7641,0,1.2
7642,20,1.2
7643,5,1.2
7644,0,1.2
7645,20,1.2
7646,5,1.2
7647,0,1.2
7648,20,1.2
7649,5,1.2
7650,0,1.2
7651,20,1.2
7652,5,1.2
7653,0,1.2
7654,20,1.2
7655,5,1.2
7656,0,1.2
7657,20,1.2
7658,5,1.2
7659,0,1.2
7660,20,1.2
7661,5,1.2
7662,0,1.2
7663,20,1.2
7664,5,1.2
7665,0,1.2
7666,20,1.2
7667,5,1.2
7668,0,1.2
7669,20,1.2
7670,5,1.2
7671,0,1.2
7672,20,1.2
7673,5,1.2
7674,0,1.2
7675,20,1.2
7676,5,1.2
7677,0,1.2
7678,20,1.2
7679,5,1.2
7680,0,1.2
7681,20,1.2
7682,5,1.2
7683,0,1.2
7684,20,1.2
7685,5,1.2
7686,0,1.2
7687,20,1.2
7688,5,1.2
7689,0,1.2
7690,20,1.2
7691,5,1.2
7692,0,1.2
7693,20,1.2
7694,5,1.2
7695,0,1.2
7696,20,1.2
7697,5,1.2
7698,0,1.2
7699,20,1.2
7700,5,1.2
7701,0,1.2
7702,20,1.2
7703,5,1.2
7704,0,1.2
7705,20,1.2
7706,5,1.2
7707,0,1.2
7708,20,1.2
7709,5,1.2
7710,0,1.2
7711,20,1.2
7712,5,1.2
7713,0,1.2
7714,20,1.2
7715,5,1.2
7716,0,1.2
7717,20,1.2
7718,5,1.2
7719,0,1.2
7720,20,1.2
7721,5,1.2
7722,0,1.2
7723,20,1.2
7724,5,1.2
7725,0,1.2
7726,20,1.2
7727,5,1.2
7728,0,1.2
7729,20,1.2
7730,5,1.2
7731,0,1.2
7732,20,1.2
7733,5,1.2
7734,0,1.2
7735,20,1.2
7736,5,1.2
7737,0,1.2
7738,20,1.2
7739,5,1.2
7740,0,1.2
7741,20,1.2
7742,5,1.2
7743,0,1.2
7744,20,1.2
7745,5,1.2
7746,0,1.2
7747,20,1.2
7748,5,1.2
7749,0,1.2
7750,20,1.2
7751,5,1.2
7752,0,1.2
7753,20,1.2
7754,5,1.2
7755,0,1.2
7756,20,1.2
7757,5,1.2
7758,0,1.2
7759,20,1.2
7760,5,1.2
7761,0,1.2
7762,20,1.2
7763,5,1.2
7764,0,1.2
7765,20,1.2
7766,5,1.2
7767,0,1.2
7768,20,1.2
7769,5,1.2
7770,0,1.2
7771,20,1.2
7772,5,1.2
7773,0,1.2
7774,20,1.2
7775,5,1.2
7776,0,1.2
7777,20,1.2
7778,5,1.2
7779,0,1.2
7780,20,1.2
7781,5,1.2
7782,0,1.2
7783,20,1.2
7784,5,1.2
7785,0,1.2
7786,20,1.2
7787,5,1.2
7788,0,1.2
7789,20,1.2
7790,5,1.2
7791,0,1.2
7792,20,1.2
7793,5,1.2
7794,0,1.2
7795,20,1.2
7796,5,1.2
7797,0,1.2
7798,20,1.2
7799,5,1.2
7800,0,1.2
7801,20,1.2
7802,5,1.2
7803,0,1.2
7804,20,1.2
7805,5,1.2
7806,0,1.2
7807,20,1.2
7808,5,1.2
7809,0,1.2
7810,20,1.2
7811,5,1.2
7812,0,1.2
7813,20,1.2
7814,5,1.2
7815,0,1.2
7816,20,1.2
7817,5,1.2
7818,0,1.2
7819,20,1.2
7820,5,1.2
7821,0,1.2
7822,20,1.2
7823,5,1.2
7824,0,1.2
7825,20,1.2
7826,5,1.2
7827,0,1.2
7828,20,1.2
7829,5,1.2
7830,0,1.2
7831,20,1.2
7832,5,1.2
7833,0,1.2
7834,20,1.2
7835,5,1.2
7836,0,1.2
7837,20,1.2
7838,5,1.2
7839,0,1.2
7840,20,1.2
7841,5,1.2
7842,0,1.2
7843,20,1.2
7844,5,1.2
7845,0,1.2
7846,20,1.2
7847,5,1.2
7848,0,1.2
7849,20,1.2
7850,5,1.2
7851,0,1.2
7852,20,1.2
7853,5,1.2
7854,0,1.2
7855,20,1.2
7856,5,1.2
7857,0,1.2
7858,20,1.2
7859,5,1.2
7860,0,1.2
7861,20,1.2
7862,5,1.2
7863,0,1.2
7864,20,1.2
7865,5,1.2
7866,0,1.2
7867,20,1.2
7868,5,1.2
7869,0,1.2
7870,20,1.2
7871,5,1.2
7872,0,1.2
7873,20,1.2
7874,5,1.2
7875,0,1.2
7876,20,1.2
7877,5,1.2
7878,0,1.2
7879,20,1.2
7880,5,1.2
7881,0,1.2
7882,20,1.2
7883,5,1.2
7884,0,1.2
7885,20,1.2
7886,5,1.2
7887,0,1.2
7888,20,1.2
7889,5,1.2
7890,0,1.2
7891,20,1.2
7892,5,1.2
7893,0,1.2
7894,20,1.2
7895,5,1.2
7896,0,1.2
7897,20,1.2
7898,5,1.2
7899,0,1.2
7900,20,1.2
7901,5,1.2
7902,0,1.2
7903,20,1.2
7904,5,1.2
7905,0,1.2
7906,20,1.2
7907,5,1.2
7908,0,1.2
7909,20,1.2
7910,5,1.2
7911,0,1.2
7912,20,1.2
7913,5,1.2
7914,0,1.2
7915,20,1.2
7916,5,1.2
7917,0,1.2
7918,20,1.2
7919,5,1.2
7920,0,1.2
7921,20,1.2
7922,5,1.2
7923,0,1.2
7924,20,1.2
7925,5,1.2
7926,0,1.2
7927,20,1.2
7928,5,1.2
7929,0,1.2
7930,20,1.2
7931,5,1.2
7932,0,1.2
7933,20,1.2
7934,5,1.2
7935,0,1.2
7936,20,1.2
7937,5,1.2
7938,0,1.2
7939,20,1.2
7940,5,1.2
7941,0,1.2
7942,20,1.2
7943,5,1.2
7944,0,1.2
7945,20,1.2
7946,5,1.2
7947,0,1.2
7948,20,1.2
7949,5,1.2
7950,0,1.2
7951,20,1.2
7952,5,1.2
7953,0,1.2
7954,20,1.2
7955,5,1.2
7956,0,1.2
7957,20,1.2
7958,5,1.2
7959,0,1.2
7960,20,1.2
7961,5,1.2
7962,0,1.2
7963,20,1.2
7964,5,1.2
7965,0,1.2
7966,20,1.2
7967,5,1.2
7968,0,1.2
7969,20,1.2
7970,5,1.2
7971,0,1.2
7972,20,1.2
7973,5,1.2
7974,0,1.2
7975,20,1.2
7976,5,1.2
7977,0,1.2
7978,20,1.2
7979,5,1.2
7980,0,1.2
7981,20,1.2
7982,5,1.2
7983,0,1.2
7984,20,1.2
7985,5,1.2
7986,0,1.2
7987,20,1.2
7988,5,1.2
7989,0,1.2
7990,20,1.2
7991,5,1.2
7992,0,1.2
7993,20,1.2
7994,5,1.2
7995,0,1.2
7996,20,1.2
7997,5,1.2
7998,0,1.2
7999,20,1.2
8000,5,1.2
8001,0,1.2
8002,20,1.2
8003,5,1.2
8004,0,1.2
8005,20,1.2
8006,5,1.2
8007,0,1.2
8008,20,1.2
8009,5,1.2
8010,0,1.2
8011,20,1.2
8012,5,1.2
8013,0,1.2
8014,20,1.2
8015,5,1.2
8016,0,1.2
8017,20,1.2
8018,5,1.2
8019,0,1.2
8020,20,1.2
8021,5,1.2
8022,0,1.2
8023,20,1.2
8024,5,1.2
8025,0,1.2
8026,20,1.2
8027,5,1.2
8028,0,1.2
8029,20,1.2
8030,5,1.2
8031,0,1.2
8032,20,1.2
8033,5,1.2
8034,0,1.2
8035,20,1.2
8036,5,1.2
8037,0,1.2
8038,20,1.2
8039,5,1.2
8040,0,1.2
8041,20,1.2
8042,5,1.2
8043,0,1.2
8044,20,1.2
8045,5,1.2
8046,0,1.2
8047,20,1.2
8048,5,1.2
8049,0,1.2
8050,20,1.2
8051,5,1.2
8052,0,1.2
8053,20,1.2
8054,5,1.2
8055,0,1.2
8056,20,1.2
8057,5,1.2
8058,0,1.2
8059,20,1.2
8060,5,1.2
8061,0,1.2
8062,20,1.2
8063,5,1.2
8064,0,1.2
8065,20,1.2
8066,5,1.2
8067,0,1.2
8068,20,1.2
8069,5,1.2
8070,0,1.2
8071,20,1.2
8072,5,1.2
8073,0,1.2
8074,20,1.2
8075,5,1.2
8076,0,1.2
8077,20,1.2
8078,5,1.2
8079,0,1.2
8080,20,1.2
8081,5,1.2
8082,0,1.2
8083,20,1.2
8084,5,1.2
8085,0,1.2
8086,20,1.2
8087,5,1.2
8088,0,1.2
8089,20,1.2
8090,5,1.2
8091,0,1.2
8092,20,1.2
8093,5,1.2
8094,0,1.2
8095,20,1.2
8096,5,1.2
8097,0,1.2
8098,20,1.2
8099,5,1.2
8100,0,1.2
8101,20,1.2
8102,5,1.2
8103,0,1.2
8104,20,1.2
8105,5,1.2
8106,0,1.2
8107,20,1.2
8108,5,1.2
8109,0,1.2
8110,20,1.2
8111,5,1.2
8112,0,1.2
8113,20,1.2
8114,5,1.2
8115,0,1.2
8116,20,1.2
8117,5,1.2
8118,0,1.2
8119,20,1.2
8120,5,1.2
8121,0,1.2
8122,20,1.2
8123,5,1.2
8124,0,1.2
8125,20,1.2
8126,5,1.2
8127,0,1.2
8128,20,1.2
8129,5,1.2
8130,0,1.2
8131,20,1.2
8132,5,1.2
8133,0,1.2
8134,20,1.2
8135,5,1.2
8136,0,1.2
8137,20,1.2
8138,5,1.2
8139,0,1.2
8140,20,1.2
8141,5,1.2
8142,0,1.2
8143,20,1.2
8144,5,1.2
8145,0,1.2
8146,20,1.2
8147,5,1.2
8148,0,1.2
8149,20,1.2
8150,5,1.2
8151,0,1.2
8152,20,1.2
8153,5,1.2
8154,0,1.2
8155,20,1.2
8156,5,1.2
8157,0,1.2
8158,20,1.2
8159,5,1.2
8160,0,1.2
8161,20,1.2
8162,5,1.2
8163,0,1.2
8164,20,1.2
8165,5,1.2
8166,0,1.2
8167,20,1.2
8168,5,1.2
8169,0,1.2
8170,20,1.2
8171,5,1.2
8172,0,1.2
8173,20,1.2
8174,5,1.2
8175,0,1.2
8176,20,1.2
8177,5,1.2
8178,0,1.2
8179,20,1.2
8180,5,1.2
8181,0,1.2
8182,20,1.2
8183,5,1.2
8184,0,1.2
8185,20,1.2
8186,5,1.2
8187,0,1.2
8188,20,1.2
8189,5,1.2
8190,0,1.2
8191,20,1.2
8192,5,1.2
8193,0,1.2
8194,20,1.2
8195,5,1.2
8196,0,1.2
8197,20,1.2
8198,5,1.2
8199,0,1.2
8200,20,1.2
8201,5,1.2
8202,0,1.2
8203,20,1.2
8204,5,1.2
8205,0,1.2
8206,20,1.2
8207,5,1.2
8208,0,1.2
8209,20,1.2
8210,5,1.2
8211,0,1.2
8212,20,1.2
8213,5,1.2
8214,0,1.2
8215,20,1.2
8216,5,1.2
8217,0,1.2
8218,20,1.2
8219,5,1.2
8220,0,1.2
8221,20,1.2
8222,5,1.2
8223,0,1.2
8224,20,1.2
8225,5,1.2
8226,0,1.2
8227,20,1.2
8228,5,1.2
8229,0,1.2
8230,20,1.2
8231,5,1.2
8232,0,1.2
8233,20,1.2
8234,5,1.2
8235,0,1.2
8236,20,1.2
8237,5,1.2
8238,0,1.2
8239,20,1.2
8240,5,1.2
8241,0,1.2
8242,20,1.2
8243,5,1.2
8244,0,1.2
8245,20,1.2
8246,5,1.2
8247,0,1.2
8248,20,1.2
8249,5,1.2
8250,0,1.2
8251,20,1.2
8252,5,1.2
8253,0,1.2
8254,20,1.2
8255,5,1.2
8256,0,1.2
8257,20,1.2
8258,5,1.2
8259,0,1.2
8260,20,1.2
8261,5,1.2
8262,0,1.2
8263,20,1.2
8264,5,1.2
8265,0,1.2
8266,20,1.2
8267,5,1.2
8268,0,1.2
8269,20,1.2
8270,5,1.2
8271,0,1.2
8272,20,1.2
8273,5,1.2
8274,0,1.2
8275,20,1.2
8276,5,1.2
8277,0,1.2
8278,20,1.2
8279,5,1.2
8280,0,1.2
8281,20,1.2
8282,5,1.2
8283,0,1.2
8284,20,1.2
8285,5,1.2
8286,0,1.2
8287,20,1.2
8288,5,1.2
8289,0,1.2
8290,20,1.2
8291,5,1.2
8292,0,1.2
8293,20,1.2
8294,5,1.2
8295,0,1.2
8296,20,1.2
8297,5,1.2
8298,0,1.2
8299,20,1.2
8300,5,1.2
8301,0,1.2
8302,20,1.2
8303,5,1.2
8304,0,1.2
8305,20,1.2
8306,5,1.2
8307,0,1.2
8308,20,1.2
8309,5,1.2
8310,0,1.2
8311,20,1.2
8312,5,1.2
8313,0,1.2
8314,20,1.2
8315,5,1.2
8316,0,1.2
8317,20,1.2
8318,5,1.2
8319,0,1.2
8320,20,1.2
8321,5,1.2
8322,0,1.2
8323,20,1.2
8324,5,1.2
8325,0,1.2
8326,20,1.2
8327,5,1.2
8328,0,1.2
8329,20,1.2
8330,5,1.2
8331,0,1.2
8332,20,1.2
8333,5,1.2
8334,0,1.2
8335,20,1.2
8336,5,1.2
8337,0,1.2
8338,20,1.2
8339,5,1.2
8340,0,1.2
8341,20,1.2
8342,5,1.2
8343,0,1.2
8344,20,1.2
8345,5,1.2
8346,0,1.2
8347,20,1.2
8348,5,1.2
8349,0,1.2
8350,20,1.2
8351,5,1.2
8352,0,1.2
8353,20,1.2
8354,5,1.2
8355,0,1.2
8356,20,1.2
8357,5,1.2
8358,0,1.2
8359,20,1.2
8360,5,1.2
8361,0,1.2
8362,20,1.2
8363,5,1.2
8364,0,1.2
8365,20,1.2
8366,5,1.2
8367,0,1.2
8368,20,1.2
8369,5,1.2
8370,0,1.2
8371,20,1.2
8372,5,1.2
8373,0,1.2
8374,20,1.2
8375,5,1.2
8376,0,1.2
8377,20,1.2
8378,5,1.2
8379,0,1.2
8380,20,1.2
8381,5,1.2
8382,0,1.2
8383,20,1.2
8384,5,1.2
8385,0,1.2
8386,20,1.2
8387,5,1.2
8388,0,1.2
8389,20,1.2
8390,5,1.2
8391,0,1.2
8392,20,1.2
8393,5,1.2
8394,0,1.2
8395,20,1.2
8396,5,1.2
8397,0,1.2
8398,20,1.2
8399,5,1.2
8400,0,1.2
8401,20,1.2
8402,5,1.2
8403,0,1.2
8404,20,1.2
8405,5,1.2
8406,0,1.2
8407,20,1.2
8408,5,1.2
8409,0,1.2
8410,20,1.2
8411,5,1.2
8412,0,1.2
8413,20,1.2
8414,5,1.2
8415,0,1.2
8416,20,1.2
8417,5,1.2
8418,0,1.2
8419,20,1.2
8420,5,1.2
8421,0,1.2
8422,20,1.2
8423,5,1.2
8424,0,1.2
8425,20,1.2
8426,5,1.2
8427,0,1.2
8428,20,1.2
8429,5,1.2
8430,0,1.2
8431,20,1.2
8432,5,1.2
8433,0,1.2
8434,20,1.2
8435,5,1.2
8436,0,1.2
8437,20,1.2
8438,5,1.2
8439,0,1.2
8440,20,1.2
8441,5,1.2
8442,0,1.2
8443,20,1.2
8444,5,1.2
8445,0,1.2
8446,20,1.2
8447,5,1.2
8448,0,1.2
8449,20,1.2
8450,5,1.2
8451,0,1.2
8452,20,1.2
8453,5,1.2
8454,0,1.2
8455,20,1.2
8456,5,1.2
8457,0,1.2
8458,20,1.2
8459,5,1.2
8460,0,1.2
8461,20,1.2
8462,5,1.2
8463,0,1.2
8464,20,1.2
8465,5,1.2
8466,0,1.2
8467,20,1.2
8468,5,1.2
8469,0,1.2
8470,20,1.2
8471,5,1.2
8472,0,1.2
8473,20,1.2
8474,5,1.2
8475,0,1.2
8476,20,1.2
8477,5,1.2
8478,0,1.2
8479,20,1.2
8480,5,1.2
8481,0,1.2
8482,20,1.2
8483,5,1.2
8484,0,1.2
8485,20,1.2
8486,5,1.2
8487,0,1.2
8488,20,1.2
8489,5,1.2
8490,0,1.2
8491,20,1.2
8492,5,1.2
8493,0,1.2
8494,20,1.2
8495,5,1.2
8496,0,1.2
8497,20,1.2
8498,5,1.2
8499,0,1.2
8500,20,1.2
8501,5,1.2
8502,0,1.2
8503,20,1.2
8504,5,1.2
8505,0,1.2
8506,20,1.2
8507,5,1.2
8508,0,1.2
8509,20,1.2
8510,5,1.2
8511,0,1.2
8512,20,1.2
8513,5,1.2
8514,0,1.2
8515,20,1.2
8516,5,1.2
8517,0,1.2
8518,20,1.2
8519,5,1.2
8520,0,1.2
8521,20,1.2
8522,5,1.2
8523,0,1.2
8524,20,1.2
8525,5,1.2
8526,0,1.2
8527,20,1.2
8528,5,1.2
8529,0,1.2
8530,20,1.2
8531,5,1.2
8532,0,1.2
8533,20,1.2
8534,5,1.2
8535,0,1.2
8536,20,1.2
8537,5,1.2
8538,0,1.2
8539,20,1.2
8540,5,1.2
8541,0,1.2
8542,20,1.2
8543,5,1.2
8544,0,1.2
8545,20,1.2
8546,5,1.2
8547,0,1.2
8548,20,1.2
8549,5,1.2
8550,0,1.2
8551,20,1.2
8552,5,1.2
8553,0,1.2
8554,20,1.2
8555,5,1.2
8556,0,1.2
8557,20,1.2
8558,5,1.2
8559,0,1.2
8560,20,1.2
8561,5,1.2
8562,0,1.2
8563,20,1.2
8564,5,1.2
8565,0,1.2
8566,20,1.2
8567,5,1.2
8568,0,1.2
8569,20,1.2
8570,5,1.2
8571,0,1.2
8572,20,1.2
8573,5,1.2
8574,0,1.2
8575,20,1.2
8576,5,1.2
8577,0,1.2
8578,20,1.2
8579,5,1.2
8580,0,1.2
8581,20,1.2
8582,5,1.2
8583,0,1.2
8584,20,1.2
8585,5,1.2
8586,0,1.2
8587,20,1.2
8588,5,1.2
8589,0,1.2
8590,20,1.2
8591,5,1.2
8592,0,1.2
8593,20,1.2
8594,5,1.2
8595,0,1.2
8596,20,1.2
8597,5,1.2
8598,0,1.2
8599,20,1.2
8600,5,1.2
8601,0,1.2
8602,20,1.2
8603,5,1.2
8604,0,1.2
8605,20,1.2
8606,5,1.2
8607,0,1.2
8608,20,1.2
8609,5,1.2
8610,0,1.2
8611,20,1.2
8612,5,1.2
8613,0,1.2
8614,20,1.2
8615,5,1.2
8616,0,1.2
8617,20,1.2
8618,5,1.2
8619,0,1.2
8620,20,1.2
8621,5,1.2
8622,0,1.2
8623,20,1.2
8624,5,1.2
8625,0,1.2
8626,20,1.2
8627,5,1.2
8628,0,1.2
8629,20,1.2
8630,5,1.2
8631,0,1.2
8632,20,1.2
8633,5,1.2
8634,0,1.2
8635,20,1.2
8636,5,1.2
8637,0,1.2
8638,20,1.2
8639,5,1.2
8640,0,1.2
8641,20,1.2
8642,5,1.2
8643,0,1.2
8644,20,1.2
8645,5,1.2
8646,0,1.2
8647,20,1.2
8648,5,1.2
8649,0,1.2
8650,20,1.2
8651,5,1.2
8652,0,1.2
8653,20,1.2
8654,5,1.2
8655,0,1.2
8656,20,1.2
8657,5,1.2
8658,0,1.2
8659,20,1.2
8660,5,1.2
8661,0,1.2
8662,20,1.2
8663,5,1.2
8664,0,1.2
8665,20,1.2
8666,5,1.2
8667,0,1.2
8668,20,1.2
8669,5,1.2
8670,0,1.2
8671,20,1.2
8672,5,1.2
8673,0,1.2
8674,20,1.2
8675,5,1.2
8676,0,1.2
8677,20,1.2
8678,5,1.2
8679,0,1.2
8680,20,1.2
8681,5,1.2
8682,0,1.2
8683,20,1.2
8684,5,1.2
8685,0,1.2
8686,20,1.2
8687,5,1.2
8688,0,1.2
8689,20,1.2
8690,5,1.2
8691,0,1.2
8692,20,1.2
8693,5,1.2
8694,0,1.2
8695,20,1.2
8696,5,1.2
8697,0,1.2
8698,20,1.2
8699,5,1.2
8700,0,1.2
8701,20,1.2
8702,5,1.2
8703,0,1.2
8704,20,1.2
8705,5,1.2
8706,0,1.2
8707,20,1.2
8708,5,1.2
8709,0,1.2
8710,20,1.2
8711,5,1.2
8712,0,1.2
8713,20,1.2
8714,5,1.2
8715,0,1.2
8716,20,1.2
8717,5,1.2
8718,0,1.2
8719,20,1.2
8720,5,1.2
8721,0,1.2
8722,20,1.2
8723,5,1.2
8724,0,1.2
8725,20,1.2
8726,5,1.2
8727,0,1.2
8728,20,1.2
8729,5,1.2
8730,0,1.2
8731,20,1.2
8732,5,1.2
8733,0,1.2
8734,20,1.2
8735,5,1.2
8736,0,1.2
8737,20,1.2
8738,5,1.2
8739,0,1.2
8740,20,1.2
8741,5,1.2
8742,0,1.2
8743,20,1.2
8744,5,1.2
8745,0,1.2
8746,20,1.2
8747,5,1.2
8748,0,1.2
8749,20,1.2
8750,5,1.2
8751,0,1.2
8752,20,1.2
8753,5,1.2
8754,0,1.2
8755,20,1.2
8756,5,1.2
8757,0,1.2
8758,20,1.2
8759,5,1.2
8760,0,1.2
